,ingredient name
1, New York Style Bagel Crisps
2,large eggs
3, custard
4,stew meat
5,Italian cheese
6, Thai chili paste
7,2% lowfat greek yogurt
8,ground cumin
9, chickpeas
10, cholesterol free egg substitute
11, loosely packed fresh basil leaves
12,glutinous rice
13, whole peel tomatoes
14, stuffing mix
15, golden beets
16,rum
17,roast
18,egg roll wrappers
19, chinese black bean
20, lo mein noodles
21,chocolate wafer
22, Haas avocados
23, valencia rice
24, low sodium chicken stock
25, cream of mushroom soup
26, matsutake mushrooms
27, sliced shallots
28,lingonberry
29, pesto
30,soy sauce
31, Gold Medal All Purpose Flour
32, crisco
33, Tabasco Green Pepper Sauce
34, preserves
35, dressing
36, fresh oregano leaves
37, edible flowers
38, hawaiian rolls
39, canola oil
40, ground pepper
41, Turkish bay leaves
42,large flour tortillas
43, chocolate bars
44,purple onion
45, beef stock
46, diced bacon
47, garbanzo beans
48,red kidney beans
49, coconut cream
50, parsley root
51,whole wheat orzo
52,molasses
53, dark rum
54, ginseng
55, thin deli ham
56, celery
57, dri thyme leaves
58, sea salt
59, serrano chilies
60, Mission® Super Size Yellow Corn Tortillas
61, orange marmalade
62, Guinness Beer
63, pesto sauce
64, vegan butter
65, pork bones
66,corn oil
67, liver
68, jumbo eggs
69, all purpose unbleached flour
70, fresno chiles
71, eggnog
72, dal
73, unsweetened chocolate
74, pan drippings
75, swanson chicken stock
76,pasta
77,pesto
78, green lentil
79,freshly ground pepper
80, boiling water
81,cheese tortellini
82,graham cracker crusts
83, olive oil cooking spray
84, broth
85, rose petals
86,reduced sodium soy sauce
87,rice vinegar
88,all purpose unbleached flour
89, jicama
90, vegetable oil spray
91, baking soda
92, gluten-free breadcrumbs
93,dried oregano
94,DeLallo Extra Virgin Olive Oil
95,potato flakes
96, madeira wine
97, red currant jelly
98, rapid rise yeast
99,Vietnamese coriander
100, chinese leaves
101, beef bouillon granules
102,fat free milk
103, light rum
104,lemon
105, frozen mixed vegetables
106, chunky salsa
107, Mazola Corn Oil
108, brats
109,red bliss potato
110,dried shiitake mushrooms
111, chicken bouillon granules
112, baking mix
113, brown cardamom
114,vinaigrette dressing
115,rib-eye roast
116,italian sausage
117, filo dough
118,bucatini
119, TACO BELL® Thick & Chunky Mild Salsa
120,olive oil
121,fava beans
122, queso fresco
123,boneless chicken
124, lean ground beef
125, yams
126,salsa
127, ground veal
128,reduced-fat sour cream
129, red kidnei beans
130, bitters
131, brewed coffee
132, mesclun
133,promise buttery spread
134,minced beef
135, clove garlic
136, low sodium vegetable broth
137, whipped cream cheese
138, boneless pork loin
139, genoa salami
140, soybean paste
141, salt and ground black pepper
142, fresh spinach leaves
143, hoisin sauce
144,fresh basil
145, cholent
146,self-rising cornmeal
147,orzo pasta
148,new mexico red chile powder
149, fettuccine
150, old-fashioned oats
151, flank steak
152, ranch-style seasoning
153, egg beaters
154, V8 Vegetable Juice
155, hot chili powder
156, dark turkey meat
157, pumpkin seeds
158,chourico
159, condensed cream
160, shortening
161, cranberry juice cocktail
162,puff pastry
163,veal cutlets
164, canola
165, dried fruit
166, brown basmati rice
167, ouzo
168, mellow white miso
169,pancetta
170,tart apples
171, granulated garlic
172, tarragon vinegar
173,flavored oil
174, muscovado sugar
175, peach schnapps
176,country style bread
177, oil-cured black olives
178, veal demi-glace
179, yellow curry paste
180, crawfish
181, chicken gravy mix
182, oyster sauce
183, lingonberry
184, whole chicken
185, fruit
186, mascarpone
187, apricot jelly
188, barbecued pork
189, bacon slices
190,potato chips
191,linguine
192, shiso
193, gingerroot
194,pickled vegetables
195, fresh peas
196,red beans
197, cardamom
198, mango juice
199, Homemade Yogurt
200, ginger juice
201, sorghum
202, shiitake
203, fresh curry
204,barley
205, mojito marinade
206,ham
207, tonkatsu sauce
208, cuttlefish balls
209, skinless chicken pieces
210, rotisserie chicken
211, well scrubbed
212, brine cured green olives
213, coconut water
214, yellow onion
215,vinaigrette
216, vegetable shortening
217, red
218, anchovy filets
219,1% low-fat milk
220,loin pork roast
221, blueberry juice
222, padron peppers
223,ground meat
224, soy milk
225, roasted hazelnuts
226,penne pasta
227,cold milk
228, large egg yolks
229, sweet pepper
230, powdered egg whites
231, acorn squash
232, aleppo pepper
233,frozen edamame beans
234, broccoli
235, brandy
236, green olives
237, dried mint flakes
238, Kingsford''s Corn Starch
239,Hatch Green Chiles
240,ground chuck
241, granola
242, taro
243,whole wheat white flour
244,kit
245, bone in skin on chicken thigh
246,cornmeal
247,lard
248, 33% less sodium ham diced
249, gruyere cheese
250, half & half
251, pork tenderloin
252,starch
253, rutabaga
254,pico de gallo
255, thousand island dressing
256, chopped parsley
257, raspberry preserves
258, hot chili
259, unsalted roasted peanuts
260, frozen broccoli
261,sandwich bread
262, kabocha squash
263,dried shrimp
264, kiwi
265, garlic salt
266, black bean sauce
267, grated horseradish
268, cooked quinoa
269,oats
270,kale
271, tamarind
272, chicken-flavored soup powder
273, rabbit
274, sweet cream butter
275, green apples
276, fresh green bean
277, fat free reduced sodium chicken broth
278, chicken meat
279,waxy potatoes
280,hellmann' or best food real mayonnais
281, milk
282, San Marzano tomatoes
283,potato bread
284, mirin
285, roquefort
286, hard rolls
287, ground thyme
288,coarse salt
289,Country Crock® Spread
290,fat-free chicken broth
291,whitefish
292,ancho chile pepper
293,roasted vermicelli
294,baby spinach leaves
295, low-fat plain yogurt
296, Indian spice
297, pork sausages
298, colby cheese
299, calamata olives
300, instant oats
301, greek yogurt
302,sandwich steak
303,grits
304, ricotta salata
305,herbal tea
306, Balsamico Bianco
307, peeled tomatoes
308,lemon juice
309, rolls
310,corn tortillas
311, thyme leaves
312, calf liver
313,swiss cheese
314, red chili powder
315,vine leaves
316, dulce de leche
317, arrowroot flour
318, creole mustard
319,white rice
320,steak salt
321, tilapia
322,chopped cilantro
323,ground black pepper
324,seaweed
325, mushroom caps
326,bacon drippings
327,arbol chile
328, polish sausage
329, adobo
330,Pam Cooking Spray
331, hellmann' or best food light mayonnais
332,self raising flour
333, chip plain tortilla
334, bacon bits
335, Doubanjiang
336,almond meal
337, california avocado
338,tomato sauce
339, frozen artichoke hearts
340, kumquats
341, crab boil
342, green cabbage
343, Italian parsley leaves
344, salad leaves
345, yellow food coloring
346, tempeh
347,rabbit
348, star anise
349, lamb chops
350, beef round
351,mascarpone
352, boneless pork shoulder roast
353, macadamia nuts
354,slider buns
355, darjeeling tea leaves
356, hard-boiled egg
357,watermelon
358, peanuts
359, phyllo
360,kosher salt
361, bran flakes
362, black salt
363, cooked rigatoni
364,croissant dough
365, ground chicken thighs
366, coconut flakes
367, brown rice flour
368,fat free yogurt
369,light brown sugar
370, pickles
371, brown hash potato
372, tom yum paste
373, flour tortillas
374, grilled chicken breasts
375, relish
376, fresh parsley
377, Equal Sweetener
378, caramel sauce
379, Spike Seasoning
380, toasted pumpkinseeds
381, chicken breast tenders
382,fresh ginger
383,hass avocado
384, cotija
385, portuguese sweet bread
386, plain low-fat yogurt
387,wish-bone
388, triple sec
389,fire roasted diced tomatoes
390, semolina flour
391, Angostura bitters
392, fresh sage
393, slice
394, low-fat milk
395,udon
396, elderflower cordial
397,fresh cilantro
398,pasta spiral
399, cooked shrimp
400, asparagus
401, Thai eggplants
402, espresso
403, short-grain rice
404, sharp white cheddar cheese
405,bloody mary mix
406, India Pale Ale
407,chana dal
408, hot pepper
409,frozen cranberries
410, boiling potatoes
411, lean ground pork
412, shao hsing wine
413, spicy mayonnaise
414, european cucumber
415, applejack
416, fresh turmeric
417, drained and chopped
418,great northern beans
419, chili garlic paste
420,clams
421, french dressing
422, light sour cream
423, cherries
424, barley miso
425, graham cracker crusts
426, marrons
427,fettucine
428,white wine
429, pitted kalamata olives
430,bone-in chicken breast halves
431, cayenne pepper
432,dulce de leche
433, burger buns
434, Old El Paso™ Thick 'n Chunky salsa
435,tomatoes
436, cutlet
437, cooked italian meatballs
438, degreased turkey drippings
439, low-fat cheddar cheese
440, rice pilaf
441,frankfurters
442, seafood stock
443,macadamia nuts
444,diced tomatoes and green chilies
445, flax seed meal
446, guanciale
447, seaweed
448, port wine
449,Crisco Pure Canola Oil
450, Spanish smoked paprika
451,hot water
452, tarragon
453, pork blade steaks
454,chicken breast strips
455, vegetable oil
456,beef stock
457,black-eyed peas
458, beer
459, sports drink
460, mashed banana
461,rump roast
462,crème fraîche
463, yolk
464, knorr pasta side   stroganoff
465, fresh onion
466, boneless moulard duck breast
467,chicken broth
468, artichoke hearts
469, frozen chopped spinach
470, besan (flour)
471, red miso
472, lamb stock
473, tamarind paste
474,honey roasted peanuts
475, radishes
476, asian eggplants
477, dried dillweed
478, whole wheat hamburger buns
479, kizami nori
480,rendered bacon fat
481, rib eye steaks
482, fishcake
483, brown rice
484, pineapple chunks
485,pork shoulder
486, pizza sauce
487,pears
488,diced onions
489,sugar
490, tea bags
491, watermelon
492, mandarin oranges
493, celery salt
494, key lime
495, crumb crust
496, marmalade
497,boneless pork loin
498,Challenge Butter
499, toasted nori
500, beefsteak tomatoes
501,crushed tomatoes
502,Goya Extra Virgin Olive Oil
503, okra
504, dry sherry
505, jasmine rice
506, hawaiian bread
507,romaine lettuce
508, vine ripened tomatoes
509, glace
510, cashew nuts
511, organic coconut milk
512, cayenne
513, minced onion
514, shredded lettuce
515, dried leaves oregano
516,maple syrup
517, licorice root
518, stone fruit
519,confectioners sugar
520,swanson chicken broth
521, Thai Kitchen Fish Sauce
522, togarashi
523, chopped garlic
524, morsels
525, fingerling potatoes
526, fresh shiitake mushrooms
527, turnips
528, white cheddar cheese
529, bacon
530,beef roast
531, lasagna noodles
532, frozen potatoes
533, small tomatoes
534,rigatoni
535, boneless rib eye steaks
536,cod
537,chopped parsley
538, cider vinegar
539, seafood seasoning
540,Irish whiskey
541, roquefort cheese
542,low sodium beef broth
543, El Yucateco Hot Sauce
544,chocolate chips
545, frozen peas
546,whitefish fillets
547, nori sheets
548,bourbon whiskey
549, orange liqueur
550, low-fat greek yogurt
551, spicy sausage
552,ground pepper
553, cabbage head
554,raw almond
555, chinese five-spice powder
556,grapeseed oil
557, (10 oz.) frozen chopped spinach
558, sweet corn kernels
559, honeydew melon
560, crumbled blue cheese
561, bread crumbs
562, picante sauce
563,russet potatoes
564, chipotle chile powder
565, fresh cilantro
566, grated orange
567, barbecue sauce
568, ragu organic pasta sauc
569, flat leaf parsley
570, Best Foods Mayonnaise Dressing with Extra Virgin Olive Oil
571, ghee
572, apricot halves
573, medaillons of pork
574, braising steak
575, grated coconut
576, reduced sodium beef broth
577, Gochujang base
578, gluten free corn tortillas
579,london broil
580, orange rind
581,creamy peanut butter
582, ground white pepper
583, buffalo
584, corn
585, freshly ground black pepper
586, maltose
587,brown rice
588, regular sour cream
589,pot stickers
590, chinese eggplants
591,old-fashioned oats
592,kiwifruit
593, cheese
594,pork picnic shoulder
595, medium shrimp
596, swanson chicken broth
597,lemon verbena
598, grana padano
599, pink salt
600,cake yeast
601,rusk
602, meringue powder
603,white sandwich bread
604, bulk italian sausag
605, prepared guacamole
606, vidalia onion
607, I Can't Believe It's Not Butter!® All Purpose Sticks
608, unsweetened almond milk
609,spring mix
610, unsulphured molasses
611,champagne
612,pork
613,mashed banana
614,sashimi grade tuna
615, grated parmesan romano
616, shredded cheddar cheese
617, romaine lettuce leaves
618, lemon peel
619,shanks
620, dill pickle slices
621,chili pepper
622, mitsuba
623,rajma
624, hamburger
625, italian salad dressing
626,rye flour
627,fillet of beef
628, bock beer
629, steak tips
630,salted mixed nuts
631, peeled shrimp
632, psyllium husks
633, diced chicken
634, ragu old world style tradit pasta sauc
635,beef shoulder roast
636, rum
637, turkey hot dogs
638,yardlong beans
639, persian cucumber
640,chicken noodle soup
641,dried apricot
642, chorizo sausage
643,salted nuts
644, tamarind water
645, liquid smoke
646, pork
647, neutral oil
648,brioche
649, no-salt-added diced tomatoes
650, orange zest
651, hoagie buns
652, fresh oregano
653, pineapple
654, colby jack cheese
655, drain
656,duck fat
657, mixed greens
658,angel food cake
659, vermicelli
660, celery leaves
661, sirloin steak
662, maitake mushrooms
663, low sodium salsa
664, enchilada sauce
665,cabbage
666,duck
667,bone in
668,boneless skinless chicken
669, Jarlsberg
670, rice sticks
671, whole wheat tortillas
672,cream of coconut
673, pretzel salt
674,pork roast
675, fennel
676,penne
677, parboiled rice
678, white distilled vinegar
679, chopped bell pepper
680,refrigerated piecrusts
681, cheese slices
682, fat-free chicken broth
683, dried apricot
684,sea vegetables
685, mint
686,lime
687, lamb
688, fleur de sel
689,Betty Crocker Pie Crust Mix
690, chicken stock
691,plain greek yogurt
692, grape tomatoes
693, seasoned ground turkey
694, queso panela
695,cherrystone clams
696,jack cheese
697,egg noodles
698, pasta water
699, white kidney beans
700, whiskey
701,bacon
702,fresh udon
703,watermelon seeds
704, mixed nuts
705,dry sherry
706, iceberg lettuce
707, pork rub
708, diced tomatoes with garlic and onion
709,dried chickpeas
710, thai green curry paste
711, low salt chicken broth
712, cream style corn
713,mein
714,lettuce
715, caviar
716, veal scallops
717, juice
718, ground chicken
719, nonfat ricotta cheese
720,bone broth
721, Ragu Cheesy Roasted Garlic Parmesan Sauce
722, melted butter
723, haricots verts
724, flavoring
725,Italian turkey sausage
726, grated jack cheese
727,Lipton Lemon Iced Tea Mix
728,mole sauce
729, peppered bacon
730, plain dry bread crumb
731, mussels
732, unbaked pie shells
733,andouille sausage
734, candy canes
735,center cut pork chops
736,dumplings
737,lime juice
738, plain yogurt
739, garden cress
740, prosciutto
741, low-fat buttermilk
742, orzo
743, lime rind
744, English muffins
745,thin spaghetti
746, sesame paste
747, rotelle
748, McCormick Rosemary Leaves
749, instant chicken bouillon granules
750,biscuit dough
751,mung bean noodles
752, dried mission figs
753,Pillsbury™ Refrigerated Crescent Dinner Rolls
754,gnocchi
755, mashed potatoes
756, ice cream
757,chitterlings
758, pie shell
759,superfine sugar
760, mint sprigs
761, celery stick
762,matsutake mushrooms
763, low-fat sharp cheddar cheese
764, dried parsley
765,bell pepper
766, sausage links
767, maple flavoring
768, vanilla sugar
769, horseradish
770, Italian turkey sausage
771, dandelion greens
772,knorr homestyl stock   chicken
773,glutinous rice flour
774,pita bread
775, cake
776, wild mushrooms
777, egg noodles
778,center cut bacon
779, rice cakes
780, Country Crock® Spread
781,spring roll wrappers
782,dough
783,graham cracker crumbs
784, grate lime peel
785, light agave nectar
786, hard salami
787, tenderloin steaks
788, Mexican oregano
789, knorr tomato bouillon with chicken flavor
790, virgin olive oil
791,pork loin chops
792, cilantro leaves
793, black olives
794, fat free beef broth
795, low sodium store bought beef stock
796, ginger purée
797,mushrooms
798,chow mein noodles
799,pork ribs
800,veal
801,heirloom tomatoes
802, japanese eggplants
803, italian sausage
804, canned corn
805,phyllo pastry
806,manchego cheese
807,sliced ham
808, jerk seasoning
809,broccoli slaw
810, catalina dressing
811,bulk italian sausag
812, green chard
813, soda bread
814,malt syrup
815, toasted walnuts
816,i can't believ it' not butter! made with olive oil spread
817, unsalted pistachios
818,refrigerated crescent rolls
819, seasoning mix
820,johnnie walker black label
821,medium shrimp
822, all-purpose flour
823, soya chunks
824, ground caraway
825,green mango
826,salad dressing
827, cod
828, canned black beans
829, whole wheat pastry flour
830, calamari
831,hazelnuts
832,white corn
833,wish-bone greek vinaigrette dressing
834, chrysanthemum leaves
835, Massaman curry paste
836, fat free feta cheese
837,garlic chives
838,japanese rice
839,garbanzo beans
840, gram flour
841, lower sodium beef broth
842, Frangelico
843, linguini
844, scallopini
845, crisco shortening
846,peaches
847, granny smith apples
848,port wine
849, fresh ginger
850, Spice Islands Medium Grind Black Pepper
851, Pillsbury™ Refrigerated Crescent Dinner Rolls
852, garlic
853, bran
854,red bell pepper
855, Ranch Style Beans
856, hot sauce
857, chuck steaks
858, butternut
859,gram flour
860,sliced apples
861, kale leaves
862, sucanat
863, puff pastry
864,fresh yeast
865, torn romain lettuc leav
866,low-fat mayonnaise
867, snow peas
868, peppermint oil
869, Spanish olives
870,chili sauce
871,whole wheat bread dough
872,coffee
873, grits
874, toasted coconut
875,penn pasta
876,atta
877,pork cubes
878,Thai red curry paste
879,pork butt roast
880,ponzu
881, gai lan
882, dessert
883, cognac
884, citrus
885, ground turkey
886, pandanus leaf
887, Pillsbury™ Crescent Recipe Creations® refrigerated seamless dough sheet
888,jasmine rice
889, skinless mahi mahi fillets
890,rack of lamb
891, jelli strawberri
892, mahi mahi
893, smoked gouda
894, gravlax
895, curry leaf
896, salt pork
897, nori flakes
898, Klondike Gourmet mini potatoes
899,tostadas
900, minced chicken
901, feta cheese
902, ancho chile pepper
903,Bertolli® Classico Olive Oil
904, cornichons
905,ground sirloin
906, cooked chicken
907, boneless sirloin steak
908,edamame
909, jalapeno chilies
910, fresno pepper
911, vanilla pods
912,prepared pizza crust
913,boneless chop pork
914,chicken
915, bertolli vodka sauc made with fresh cream
916, slivered almonds
917,warm water
918,country bread
919, Manzanilla olives
920, corn tortillas
921, lite coconut milk
922, sesame seeds
923, Knox Gelatine
924,rice pilaf
925, pappardelle
926, low-fat cottage cheese
927, Bertolli® Classico Olive Oil
928, sweetener
929,black quinoa
930, (14.5 oz.) diced tomatoes
931,meat cuts
932,brisket
933, currant
934, marmite
935, yellow split peas
936, veal chops
937, rye flour
938, fresh tofu
939, 2% lowfat greek yogurt
940,meatballs
941, jelly
942, seville orange juice
943, blood orange juice
944, dried minced garlic
945, banana leaves
946, poblano
947, elbow macaroni
948, tomatoes with juice
949, porcini
950, pecans
951, cointreau liqueur
952, toor dal
953, allspice
954, peanut butter cups
955, caster
956,fresh corn
957, achiote
958, ground cayenne pepper
959,fresh lemon juice
960,cumin
961, rotini
962,curry powder
963, bouquet garni
964,vanilla lowfat yogurt
965, straw mushrooms
966, ketchup
967, soft goat's cheese
968, red curry paste
969,Quaker Old-Fashioned Oats
970, brussels sprouts
971, oil
972, gluten free soy sauce
973, spearmint
974, chopped bacon
975, skinless salmon fillets
976,lamb chops
977, coarse kosher salt
978,pumpkin
979, orange peel
980,paneer
981, wakame
982, Fuyu persimmons
983, onion tops
984, chunky tomatoes
985, pork loin chops
986,sausage casings
987,lamb shoulder
988,vodka
989, veggie crumbles
990,sea bream
991,corn-on-the-cob
992, chocolate wafer crumbs
993, Himalayan salt
994, pecorino romano cheese
995, salt free southwest chipotle seasoning
996, prepared mustard
997, green garlic
998, seltzer
999, dry milk powder
1000,tenderloin steaks
1001, blanched almonds
1002, Old El Paso Flour Tortillas
1003, baby potatoes
1004, speck
1005,toast
1006, yellow lentils
1007, coca-cola
1008, red leaf lettuce
1009, chili bean sauce
1010, skinless chicken thighs
1011,spiced rum
1012,kielbasa
1013, New York Style Garlic Parmesan Panetini®
1014, candied orange peel
1015, pitted date
1016,english cucumber
1017, Campbell's Condensed Tomato Soup
1018,nonfat yogurt
1019,sausages
1020,sticky rice
1021, navel oranges
1022,black pepper
1023, milk chocolate
1024, lemon juice
1025, seitan
1026, Asian chili sauce
1027,Chobani Yogurt
1028, tamari soy sauce
1029, starch
1030, white onion
1031, garlic chili sauce
1032,halibut fillets
1033,rolled oats
1034, lower sodium chicken broth
1035, vegetable juice cocktail
1036,dashi kombu
1037, boneless skinless chicken
1038,chestnut purée
1039, green cardamom pods
1040, almond paste
1041, pink lady apple
1042, vinaigrette
1043, tapioca flour
1044, red chard
1045,tortellini
1046, Lipton® Recipe Secrets® Onion Soup Mix
1047, beef ribs
1048, greens
1049, chourico
1050, vietnamese fish sauce
1051, hot cherry pepper
1052, Nutella
1053, mild curry powder
1054, fenugreek seeds
1055,ketchup
1056,pie crust
1057, bomba rice
1058,whole almonds
1059, regular soy sauce
1060, matcha green tea powder
1061,lobster meat
1062,low-fat plain greek yogurt
1063, pure maple syrup
1064,butter lettuce
1065, Cholula Hot Sauce
1066, toffee bits
1067, pepper flakes
1068, unsweetened shredded dried coconut
1069, toast
1070, bay leaves
1071,tortillas
1072, fettuccine pasta
1073, moong dal
1074,chopped onion
1075, fine sea salt
1076, ham steak
1077, knorr vegetarian veget bouillon cube
1078, vegetarian refried beans
1079, sanding sugar
1080, hoagie rolls
1081,sirloin steak
1082,hummus
1083, tortellini
1084, chicken wings
1085, fresh sea bass
1086,bananas
1087, fresh marjoram
1088,wakame
1089, sweet rice
1090, dogfish
1091, teas
1092, red jalapeno peppers
1093, chocolate chips
1094,pork sausages
1095, medium tomatoes
1096,strawberries
1097, jeera
1098, green cardamom
1099, arrowroot powder
1100, Wish-Bone® Robusto Italian Dressing
1101, veal shanks
1102, vanilla beans
1103, steak seasoning
1104, chicken wing drummettes
1105, mint syrup
1106,green curry paste
1107,beer
1108,swiss chard
1109, lime juice
1110, tamarind juice
1111, Madras curry powder
1112,bone in chicken thighs
1113, gold potatoes
1114, lamb stew meat
1115, pickle slices
1116, italian tomatoes
1117, italian salad dressing mix
1118,pork meat
1119,cooked chicken breasts
1120,elbow macaroni
1121, thawed and squeezed dry
1122, amchur
1123,brown basmati rice
1124, ice
1125, tuna
1126, doritos
1127, bread crumb fresh
1128, thick-cut bacon
1129, peanut butter
1130,spinach
1131, rhubarb syrup
1132, french baguette
1133, v 8 vegetable juice
1134,tomato ketchup
1135, tuna fillets
1136, nonfat greek yogurt
1137, paella rice
1138, pomegranate seeds
1139, crisp-cooked and crumbled
1140, flax seeds
1141,sweet italian sausage
1142,lo mein noodles
1143, 1% low-fat milk
1144, lump crab meat
1145, pork shanks
1146,wish bone red wine vinaigrett dress
1147, pork roast
1148, lavender
1149, celery flakes
1150, diced tomatoes
1151, Spice Islands Bay Leaves
1152,guanciale
1153, guacamole
1154, macaroni
1155, salmon
1156,portuguese rolls
1157, fresh curry leaves
1158, sandwich buns
1159, corn husks
1160, cola-flavored carbonated beverage
1161, beets
1162, vegetable juice
1163, bbq sauce
1164, American cheese
1165,shallots
1166, Italian cheese blend
1167, mustard oil
1168, bay scallops
1169, roasted garlic
1170, Alaskan king crab legs
1171,clove
1172,leg of lamb
1173, coconut
1174,gai lan
1175, beef tenderloin steaks
1176, 9 inch chocolate crumb crust
1177, Old El Paso Green Chiles
1178, pie crust
1179, toasted peanuts
1180, merluza
1181, unsalted cashews
1182, quick-cooking oats
1183,instant rice
1184,irish cream liqueur
1185,flat leaf parsley
1186,toasted sesame oil
1187, crabmeat
1188,mahi mahi
1189, dry red wine
1190, yellowtail
1191, oregano
1192, pitas
1193, coconut sugar
1194, frozen sweet corn
1195, ground sichuan pepper
1196,vine tomatoes
1197, methi
1198, chopped fresh sage
1199,mustard oil
1200, golden raisins
1201, cracked black pepper
1202, garam masala
1203, roasted cashews
1204, annatto
1205, cheese tortellini
1206,tagliatelle
1207, dried orange peel
1208, granulated white sugar
1209, grated romano cheese
1210,squash
1211,boiling water
1212, Louisiana Hot Sauce
1213, fresh udon
1214, tomato soup
1215, anchovies
1216, chinese rice wine
1217,baby back ribs
1218, pork shoulder
1219, scallions
1220,sauerkraut
1221, fat
1222, whole wheat couscous
1223, sweet bean sauce
1224,iceberg lettuce
1225, eye of round roast
1226, beef roast
1227, asafetida
1228, piquillo peppers
1229, mineral water
1230, liquid aminos
1231, shredded pepper jack cheese
1232,ground Italian sausage
1233,jelli strawberri
1234, Mazola® Chicken Flavor Bouillon Powder
1235, rubbed sage
1236, red kidney beans
1237,Neufchâtel
1238,chicken pieces
1239, apple pie spice
1240, galanga
1241, oyster mushrooms
1242,fresh orange juice
1243, cold water
1244, konbu
1245, zucchini
1246, clam juice
1247, fresh chile
1248,cracked black pepper
1249,dried thyme
1250,buttermilk pancake mix
1251, carnaroli rice
1252, root beer
1253, matzos
1254,homemade chicken stock
1255, vine tomatoes
1256, hot fudge topping
1257, brioche
1258, Pompeian Canola Oil and Extra Virgin Olive Oil
1259, yardlong beans
1260,chicken breast fillets
1261,dried navy beans
1262,fat
1263,nonfat plain greek yogurt
1264, espresso powder
1265,Scharffen Berger Chocolate
1266,all-purpose flour
1267, chicken legs
1268, cooking wine
1269,sharp cheddar cheese
1270, quickcooking grits
1271, cream lowfat
1272,almond flour
1273, almonds
1274, ground pork
1275, ricotta cheese
1276, chicken broth
1277, halibut
1278, lamb shoulder
1279, sweet turkey sausage
1280, red wine vinegar
1281, calimyrna figs
1282, scallion greens
1283, rice flour
1284, oats
1285, penne pasta
1286,frozen tater tots
1287,hoisin sauce
1288, snappers
1289, lemon grass
1290, graham cracker crumbs
1291, red cabbage
1292,chunk feta
1293, quick-cooking tapioca
1294,white bread
1295, fat free frozen top whip
1296, polenta
1297, taco seasoning mix
1298, reduced sodium fat free chicken broth
1299, burdock
1300, reduced fat milk
1301,Skippy Creamy Peanut Butter
1302, annatto powder
1303,poppy seeds
1304, Thai fish sauce
1305, demi baguette
1306, sugar pea
1307, creamy peanut butter
1308,bacon slices
1309, Biscoff Creamy Spread
1310, rice mix
1311, parsley paste
1312, bread and butter pickles
1313, pork spareribs
1314, corn syrup
1315, oxtails
1316,dark turkey meat
1317, ancho powder
1318, old bay seasoning
1319, skinless chicken breast
1320,diced beef
1321, reduced fat swiss cheese
1322, pasta sauce
1323,condensed cream of celery soup
1324, white corn tortillas
1325, ginger
1326, cranberry sauce
1327, shells
1328, semisweet chocolate
1329, low fat part skim ricotta chees
1330, evaporated cane juice
1331, bananas
1332, finely chopped onion
1333, sweet basil
1334, instant yeast
1335, almond flour
1336,kabuli channa
1337, brill
1338,melon liqueur
1339, herb dressing
1340, broccoli florets
1341, dried udon
1342,piecrust
1343, oyster-flavor sauc
1344, ruby port
1345, red potato
1346,oatmeal
1347, condiments
1348,green olives
1349, sweet soy sauce
1350, bird chile
1351, cowpeas
1352, cardamon
1353, green pesto
1354,shrimp stock
1355, cranberry juice
1356, deli ham
1357, thin pizza crust
1358,seeds
1359, stuffing
1360, montreal steak seasoning
1361,whole wheat pita
1362,salted butter
1363,avocado
1364, plum tomatoes
1365, salt
1366, clarified butter
1367,red cabbage
1368,trout fillet
1369, whipping heavy cream
1370, parmesan cheese
1371, Honeycrisp apples
1372,Knorr® Vegetable recipe mix
1373,bone-in pork chops
1374, unsweetened coconut milk
1375,bittersweet chocolate
1376, sandwiches
1377, buffalo chicken strip style
1378, prepar pesto
1379, serrano chile
1380, instant rice
1381,masa harina
1382,lobster tails
1383,blood orange
1384,chorizo sausage
1385, OREO® Cookies
1386, minestrone
1387,breakfast sausages
1388, frozen spinach
1389, biscuit dough
1390, yukon gold potatoes
1391, ground black pepper
1392, cinnamon sticks
1393, frozen mixed thawed vegetables
1394, ground chile
1395, pepitas
1396,catfish
1397, cake flour
1398, coarse salt
1399,tomatillos
1400, cooked and drained
1401, tomato ketchup
1402, whole kernel corn
1403, shredded mozzarella cheese
1404, pepperoni
1405, fresh asparagus
1406, Boston lettuce
1407, unsalted shelled pistachio
1408, coconut milk
1409, part-skim mozzarella
1410, cream of chicken soup
1411, linguine
1412,grapefruit juice
1413, chocolate
1414, minced pork
1415, drippings
1416,popcorn
1417, cooking oil
1418,baby carrots
1419,bacon fat
1420, galangal
1421,chicken wings
1422, orange juice
1423, regular or convert rice
1424, kasuri methi
1425, diced celery
1426,tasajo
1427, fresh yeast
1428, balsamic vinegar
1429,angel hair
1430, jumbo pasta shells
1431, tea leaves
1432, ground nutmeg
1433, guajillo chiles
1434, tagliatelle
1435,fruit
1436,filet mignon
1437, condensed cream of potato soup
1438, black mustard seeds
1439,dried beans
1440, cremini mushrooms
1441, bean threads
1442, shredded lowfat monterey jack cheese
1443, whole wheat pasta
1444,croissants
1445,black cod fillets
1446, kaffir lime
1447, mayonnaise low fat
1448, black-eyed peas
1449, pork steaks
1450, dried basil
1451, melon liqueur
1452,short-grain rice
1453,romaine lettuce leaves
1454, sourdough bread
1455, smoked cheddar cheese
1456, sandwich rolls
1457,fresh salmon
1458, pepper
1459, assorted fresh vegetables
1460, horseradish cream
1461,fresh lime juice
1462,pork loin
1463,chicken legs
1464, sliced mushrooms
1465, baby corn
1466, masa harina
1467, flatbread
1468,chicken leg quarters
1469, Irish Red ale
1470,smoked ham hocks
1471,apple cider vinegar
1472,polish sausage
1473, coffee granules
1474, red pepper flakes
1475, low sodium black beans
1476, spareribs
1477, pickled jalapenos
1478, beef steak
1479, chorizo
1480, wheat free soy sauce
1481,sweet pepper
1482, chicken base
1483, halloumi
1484, seasoning
1485,chicken thigh fillets
1486, barley
1487, soda
1488,boneless beef top round steak
1489,water
1490, knorr hollandais sauc mix
1491,hulled barley
1492,ruby port
1493, celery seed
1494, knorr homestyl stock   chicken
1495,lasagna noodles
1496,instant yeast
1497, bamboo shoots
1498,mirin
1499,tomato paste
1500, center-cut salmon fillet
1501, laurel leaves
1502, chunky peanut butter
1503, McCormick® Thyme Leaves
1504, Lipton® Cup Size Tea Bags
1505,saffron
1506, yellow miso
1507, salmon roe
1508, dri leav thyme
1509, gluten
1510, green pepper
1511, condensed chicken broth
1512, black cod fillets
1513, large tomato
1514,Alfredo sauce
1515,lamb loin
1516,juice
1517, vegetables
1518, eggroll wrappers
1519,rotisserie chicken
1520, fat free yogurt
1521, double cream
1522, lamb shoulder chops
1523, bruschetta topping
1524, whole wheat bread flour
1525, english cucumber
1526, Maggi
1527, refried beans
1528, slider rolls
1529,deer
1530, flour for dusting
1531, pico de gallo
1532,plantains
1533, chopped celery
1534,ice
1535, button mushrooms
1536, fresca
1537, Hawaiian salt
1538,yukon gold potatoes
1539, soy
1540,lemon zest
1541, Thai Kitchen Red Curry Paste
1542, dark brown sugar
1543, herb seasoned stuffing
1544, gobo root
1545,miso
1546, vanilla ice cream
1547, crackers
1548,pasta sheets
1549, Chinese rose wine
1550, boneless chicken
1551,rustic bread
1552, zesty italian dressing
1553, white flour
1554, knorr garlic minicub
1555, sour cherries
1556, papaya
1557, roast breast of chicken
1558, egg whites
1559, low sodium tomato
1560, maple extract
1561, pie dough
1562,pork belly
1563,diced chicken
1564,thai noodles
1565, soft tofu
1566,tart shells
1567,parsnips
1568, orange food coloring
1569, softened butter
1570,gooseberries
1571, truffle oil
1572, red grape
1573,ragu old world style pasta sauc
1574, white cabbage
1575, crushed red pepper
1576, roma tomatoes
1577, vanilla yogurt
1578, Italian seasoned breadcrumbs
1579, salmon fillets
1580, vanilla bean paste
1581, round steaks
1582,red potato
1583, grilled chicken
1584, cooking cream
1585, fenugreek leaves
1586, chocolate curls
1587, burgundy
1588,cabernet sauvignon
1589, dry white wine
1590, deli rolls
1591,zucchini
1592, coarse sea salt
1593,crushed pineapples in juice
1594,couscous
1595, ground peanut
1596, canola oil cooking spray
1597,boneless chicken skinless thigh
1598, spinach
1599, salsa verde
1600, Johnsonville Smoked Sausage
1601,blackberries
1602, baby spinach leaves
1603, capers in brine
1604, hot chili sauce
1605, smooth natural peanut butter
1606,barramundi
1607,walleye
1608, dry yeast
1609,chardonnay
1610, flaked coconut
1611, corn tortilla chips
1612,lean beef
1613, rice stick noodles
1614, fresh thyme
1615,brioche bread
1616, heirloom tomatoes
1617, Red Gold® diced tomatoes
1618, cubed ham
1619, microgreens
1620, dipping sauces
1621,unsalted butter
1622, avocado
1623,chocolate
1624, black cumin seeds
1625,prego traditional italian sauce
1626, small white beans
1627, whole wheat bread
1628, broccolini
1629, large potatoes
1630, corn oil
1631,ditalini pasta
1632, farro
1633, panko
1634, virgin coconut oil
1635, turkey kielbasa
1636,ham hock
1637, Old El Paso™ taco seasoning mix
1638, pepperoncini
1639,lamb shanks
1640,sardines
1641, Prego Alfredo Sauce
1642, homemade chicken stock
1643,kale leaves
1644, aged balsamic vinegar
1645, poblano peppers
1646, color food green
1647, kahlua
1648,mustard powder
1649,skin on salmon fillets
1650, shredded reduced fat cheddar cheese
1651, chili pepper
1652, chocolate sprinkles
1653,turkey thigh
1654, fajita seasoning mix
1655, whipped topping
1656, ginger root
1657,Massaman curry paste
1658, eggplant
1659, Dutch-processed cocoa powder
1660, freeze-dried raspberries
1661, escarole
1662, marinara sauce
1663, collard greens
1664, wide egg noodles
1665, Italian bread
1666,persian cucumber
1667,mustard
1668,chuck roast
1669, vermicelli noodles
1670,tamari soy sauce
1671,cubed pancetta
1672,white sugar
1673, bottled clam juice
1674, 1% low-fat cottage cheese
1675, unsweetened cocoa powder
1676,pitas
1677, nonfat evaporated milk
1678, anchovy fillets
1679, condensed cream of chicken soup
1680,clarified butter
1681, low sodium beef stock
1682, beaten eggs
1683, chiffonade
1684,coconut
1685, chicken breast fillets
1686,pork hocks
1687,chili powder
1688, fresh mushrooms
1689, tomato sauce
1690,fresh chorizo
1691,tumeric
1692, vanilla instant pudding
1693, banana peppers
1694, cornmeal
1695,cake mix
1696,double cream
1697, rotel tomatoes
1698, fresh chives
1699, shaoxing
1700, ale
1701, lamb loin chops
1702,lean ground beef
1703,pudding
1704, pepper sauce
1705, tortilla chips
1706, chow mein noodles
1707, soften
1708, runny honey
1709, peppercorns
1710, onion powder
1711,pepperidge farm puff pastry
1712,light coconut milk
1713, apricot nectar
1714, Ciabatta rolls
1715, catsup
1716, Progresso™ Chicken Broth
1717, yuzu
1718, tomato salsa
1719,seasoning
1720, raw cane sugar
1721, loose black tea
1722, kirsch
1723, radish sprouts
1724, medjool date
1725, sweet mustard
1726, squash
1727, mahimahi
1728, pork loin
1729, cactus
1730,plain flour
1731, crimini mushrooms
1732, tostadas
1733, capsicum
1734, andouille sausage
1735,fresh sage
1736, tortilla strips
1737,cavatappi
1738, ziti rigate
1739, toasted baguette
1740,haddock fillets
1741, thin spaghetti
1742,canned tuna
1743, baby portobello mushrooms
1744, chipotle peppers
1745, tangerine
1746, plain whole-milk yogurt
1747, ciabatta buns
1748, reduced sodium chicken stock
1749,chicken thighs
1750,self rising flour
1751, onions
1752,tri tip
1753, ragu
1754,pork cutlets
1755, fresh lemon juice
1756, ground round
1757, French bread loaves
1758, veal cutlets
1759,key lime juice
1760,navy beans
1761,whole peeled tomatoes
1762, ground pecans
1763, peperoncini
1764, parsley sprigs
1765, lemongrass
1766, cacao
1767, crush
1768, bacon pieces
1769, mixed peel
1770, sliced turkey
1771, green tea bags
1772, chunky tomato sauce
1773,soba noodles
1774,crackers
1775, candied lemon peel
1776, Greek dressing
1777, sourdough boule
1778, roasted sesame seeds
1779, grated lemon zest
1780, gorgonzola dolce
1781,ricotta cheese
1782, regular sugar
1783,Jasmine brown rice
1784, fresh pineapple
1785, nonfat yogurt plain
1786, Spice Islands Ground Cumin Seed
1787, green chile sauce
1788, day old bread
1789,shrimp tails
1790, harissa paste
1791, montreal steak spice
1792, tostada shells
1793,beef sirloin
1794, Ibarra Chocolate
1795, plantains
1796, bay leaf
1797, spicy brown mustard
1798,walnut pieces
1799,chile de arbol
1800,yellow onion
1801, sun-dried tomatoes
1802, Knorr Chicken Flavor Bouillon
1803, boneless pork shoulder
1804, cod fillets
1805, dark beer
1806, horseradish mayonnaise
1807, peeled deveined shrimp
1808,dry coconut
1809, beef demi-glace
1810, shredded low-fat cheddar cheese
1811,hot dog bun
1812, atta
1813,sliced cucumber
1814, curry
1815, tzatziki sauce
1816, V8 Juice
1817, hominy
1818, small yellow onion
1819, Bisquick Baking Mix
1820, sweet cherries
1821,cooked rice
1822, hanger steak
1823, canned chicken broth
1824, ground chuck
1825, food gel
1826, orecchiette
1827,light rum
1828, new potatoes
1829,chilean sea bass fillets
1830, ground chicken breast
1831, rice noodles
1832, grenadine
1833, dill weed
1834, wheel of brie
1835, shredded cabbage
1836,fresh green bean
1837, smoked bratwurst
1838,dhal
1839,chicken stock
1840, beef stew
1841,dried fig
1842, wheat berries
1843, roasted pistachios
1844, limoncello
1845, grapes
1846, pink grapefruit
1847, tortillas
1848,dried mushrooms
1849,cremini mushrooms
1850, baked ham
1851, spiral-sliced ham
1852, chop fine pecan
1853,salt
1854,minced pork
1855, quinces
1856, green tomatoes
1857, stewing steak
1858, dijon mustard
1859, chopped cilantro
1860, cream quark
1861,duck drumsticks
1862,fillets
1863,Ghirardelli® 60% Cacao Bittersweet Chocolate
1864, small new potatoes
1865, low fat low sodium chicken broth
1866, dumplings
1867,chicken breast halves
1868, frozen lemonade concentrate
1869, Kewpie Mayonnaise
1870,virginia ham
1871, havarti cheese
1872, sweet and sour sauce
1873,beef brisket
1874, vanilla
1875, fresh mozzarella
1876, salsa
1877, base
1878, wondra flour
1879,fennel bulb
1880,fish fillets
1881, stir fry sauce
1882, cream cheese
1883, shrimp and crab boil seasoning
1884,cucumber
1885, red beans
1886,I Can't Believe It's Not Butter!® Spread
1887, kidney
1888, Klondike Rose red skin potato
1889, chocolate chunks
1890, sliced chicken
1891, ground cumin
1892, asiago
1893, jack cheese
1894, chowchow
1895, agave nectar
1896, i can't believ it' not butter! sprai origin
1897, pasta shells
1898,smoked sausage
1899, rich chicken broth
1900, drummettes
1901,softened butter
1902, single crust pie
1903,beef broth
1904, chopped green chilies
1905, ziti
1906, passata
1907, minced meat
1908, piri piri pepper
1909, crushed garlic
1910, toasted sesame seeds
1911, demerara sugar
1912, bell pepper
1913,dry yeast
1914,beef ribs
1915, Japanese soy sauce
1916, beef sirloin
1917,mayonnaise low fat
1918, ground red pepper
1919,wheat flour
1920, hungarian wax pepper
1921, red chili peppers
1922, sweet corn
1923, lamb shanks
1924, Knorr® Beef flavored Bouillon Cube
1925, pepperoni slices
1926,pecans
1927,spear squid
1928,lamb
1929, wheels
1930,baking powder
1931, sour cream
1932, knockwurst
1933,goose
1934, albacore
1935, Best Foods Sandwich Spread
1936, hash brown
1937, boneless chop pork
1938, reduced fat cream cheese
1939,yucca
1940, yellow bell pepper
1941, cooked turkey
1942, veal scallopini
1943,fresh mozzarella
1944, piloncillo
1945,crepes
1946, blackberries
1947,sourdough baguette
1948,raw cashews
1949, ganache
1950, raspberry liqueur
1951,chocolate wafer cookies
1952, hungarian paprika
1953,tuna
1954, seafood
1955, chips
1956, knorr spring vegetable recipe mix
1957, raspberry puree
1958, boneless beef chuck roast
1959, meat tenderizer
1960,pork spare ribs
1961, lemon twists
1962, Knorr Chicken Stock Pots
1963,heavy cream
1964, granulated sugar
1965, pasta
1966, peppermint extract
1967, smoked sweet Spanish paprika
1968, shredded cheese
1969,french bread
1970, sherry
1971,black beans
1972,cake flour
1973, diced ham
1974,pie dough
1975,smoked bacon
1976, mushroom sauce
1977,beef rib roast
1978, mushroom broth
1979,boneless pork shoulder roast
1980,rump steak
1981, fast rising yeast
1982, juniper berries
1983,cream sherry
1984,curly leaf spinach
1985, low sodium vegetable stock
1986, flavored oil
1987,green onions
1988,chorizo
1989, organic vegetable stock
1990, peppadews
1991,japanese eggplants
1992, savoy cabbage
1993,all purpose potatoes
1994, andouille sausage links
1995, tiger prawn
1996, Philadelphia Cream Cheese Spread
1997, shredded nori
1998, sherry wine
1999, ground coriander
2000,peanut butter
2001, beef shank
2002,bread crumb fresh
2003, spaghettini
2004, any
2005, fillet red snapper
2006, kaffir lime leaves
2007, plantain sweet
2008, celery root
2009,tart crust
2010,back bacon
2011, kosher salt
2012,condensed cream of chicken soup
2013, dried red chile peppers
2014, smoked sausage
2015, bengal gram
2016, cream of celery soup
2017, condensed cream of mushroom soup
2018, unsweetened pineapple juice
2019,pomegranate juice
2020, bread and butter pickle slices
2021, millet
2022, horseradish sauce
2023, lettuce
2024, crystallized ginger
2025, blue cheese dressing
2026, shredded parmesan cheese
2027,medium egg noodles
2028, undrain and chop
2029,sweet corn
2030, bread slices
2031, unsweetened baking chocolate
2032,portabello mushroom
2033, mung beans
2034, ancho
2035, beef tendons
2036, white truffle oil
2037,full fat organic coconut milk
2038, fusilli
2039,chopped walnuts
2040, cracker meal
2041,Ragu Chunky Sundried Tomato & Sweet Basil Pasta Sauce
2042, tortilla shells
2043, soy chorizo
2044,crawfish
2045, meat sauce
2046, ground ginger
2047,ground chicken
2048, natural yogurt
2049,small pearl tapioca
2050, apricot jam
2051, whole wheat penne
2052, sweet italian sausage
2053,florets
2054, pearl barley
2055,tilapia fillets
2056, rainbow trout
2057,pepper
2058, sherry wine vinegar
2059,cherries
2060,celery seed
2061,melted butter
2062, ragu old world style pasta sauc
2063,slaw mix
2064, gyoza skins
2065, risotto rice
2066,parboiled rice
2067, roast turkey
2068,frozen blueberries
2069, sharp cheddar cheese
2070,shiitake
2071,old-fashioned oatmeal
2072, ear of corn
2073,fresh ham
2074, chuck
2075, fenugreek
2076,sweet cherries
2077, wine vinegar
2078,roasting chickens
2079,bay leaves
2080, muffin
2081,dried lentils
2082, unagi sauce
2083,minced ginger
2084, chives
2085, cola
2086, ground almonds
2087,Best Foods Mayonnaise Dressing with Extra Virgin Olive Oil
2088,cooked chicken
2089, whole cloves
2090, part-skim ricotta cheese
2091,prosciutto
2092, roe
2093, decorating sugars
2094,eggplant
2095, large free range egg
2096, black currant jelly
2097,bulgur wheat
2098, long grain brown rice
2099,pearl couscous
2100,ground round
2101,asparagus
2102, olive oil
2103,arborio rice
2104, jack
2105, coriander seeds
2106,dashi
2107, cress
2108, sultana
2109,calabaza
2110,cooking oil
2111,cherry tomatoes
2112, dried oregano
2113, whole wheat pita pockets
2114,baby spinach
2115, blanched almond flour
2116, calamari rings
2117, paneer
2118, ground cardamom
2119, Tabasco Pepper Sauce
2120, green beans
2121, chicken bouillon
2122, challa
2123, shichimi togarashi
2124, cookies
2125, dried cherry
2126, arame
2127, hazelnut flour
2128,puff pastry sheets
2129, chinese noodles
2130,chipotles in adobo
2131, pickle relish
2132, steamed rice
2133, kamaboko
2134,Campbell's Condensed Cream of Mushroom Soup
2135, mrs. dash seasoning mix
2136, brown butter
2137, buffalo sauce
2138, chipotles in adobo
2139,pork shoulder roast
2140, instant coffee
2141, bread
2142, lipton recip secret onion mushroom soup mix
2143, wheat cereal
2144, beau monde seasoning
2145,filet
2146, pistachios
2147, black truffle oil
2148,Uncle Ben's Ready Rice Whole Grain Brown Rice
2149, self rising flour
2150, black vinegar
2151,buttermilk
2152, bok choy
2153,chickpea flour
2154, scallops
2155,spanish chorizo
2156, wasabi powder
2157,tortilla chips
2158, red rice
2159, pita bread
2160,corned beef
2161, diced yellow onion
2162, sambal ulek
2163, seasoning salt
2164, oloroso sherry
2165, clear honey
2166,spaghetti
2167,pork butt
2168,French lentils
2169, chopped ham
2170,harissa
2171, pecan halves
2172, low-fat feta
2173, hass avocado
2174,coriander seeds
2175, poppy seeds
2176, cooking greens
2177, coarse sugar
2178, italian pork sausage
2179, prepared horseradish
2180, fish broth
2181, white pepper
2182, frozen limeade concentrate
2183, cottage cheese
2184, halibut fillets
2185,chopped bacon
2186, hot dog rolls
2187, lettuce leaves
2188, anise
2189,broad beans
2190, slider buns
2191,honey
2192, adobo sauce
2193,BACARDI® Gold
2194, glaze
2195,japanese cucumber
2196, Yakisoba noodles
2197, twists
2198, OrganicGirl Baby Spinach
2199,octopuses
2200,hamburger
2201, carbonated water
2202, fresh pork fat
2203,sourdough bread
2204, bourbon whiskey
2205, empanada wrappers
2206, flour
2207,marinade
2208, light swiss cheese
2209, lemon wedge
2210, whole wheat buns
2211, tomato sauce low sodium
2212, chicken breast tenderloins
2213, sweet relish
2214, lobster
2215, spring onions
2216, black forest ham
2217, cherry tomatoes
2218,black tea
2219, chicken sausage
2220, venison
2221,milk chocolate
2222,goat cheese
2223, wish-bone light balsamic basil vinaigrette dressing
2224, white rice vinegar
2225,almond paste
2226,whole chicken
2227, chinese black vinegar
2228, wildflower honey
2229, ras el hanout
2230,grapefruit
2231,dressing
2232, poultry seasoning
2233, pork baby back ribs
2234,tomato purée
2235, curds
2236, unbaked pie crusts
2237, white miso
2238, duck fat
2239, konbu dashi
2240, firmly packed brown sugar
2241, arugula
2242,rice
2243, hungarian hot paprika
2244, tomato basil sauce
2245, min
2246, shrimp heads
2247, toasted almonds
2248, ground beef
2249,green tomatoes
2250, summer squash
2251, dry mustard
2252,turkey mince
2253, Bertolli® Alfredo Sauce
2254, drumstick
2255,banana peppers
2256, biscuits
2257, dumpling wrappers
2258, bread ciabatta
2259,whole grain bread
2260, seasoned rice wine vinegar
2261, candied citrus peel
2262, fresh tomato salsa
2263,sauce
2264, sweetened coconut flakes
2265,chicken bones
2266,ginger
2267,whole wheat pastry flour
2268,miso paste
2269, Mission Salsa Verde
2270, cracked green olives
2271, karashi
2272,chopped nuts
2273, sesame
2274, caramel coloring
2275, almond butter
2276, chat masala
2277, less sodium beef broth
2278, mild salsa
2279, rum extract
2280, Knorr® Fiesta Sides™ - Mexican Rice
2281,green chile
2282, harissa sauce
2283,shredded cheddar cheese
2284,hot Italian sausages
2285, gravy
2286,sweet italian sausag links
2287,boneless skinless chicken breasts
2288, cream of potato soup
2289, spanish paprika
2290, Mexican seasoning mix
2291,almonds
2292,rice noodles
2293,bread flour
2294, hemp seeds
2295, seedless raspberry jam
2296,champagne vinegar
2297, blue cheese
2298,dried kidney beans
2299, skippi natur super chunk peanut butter spread
2300, crema mexican
2301, soppressata
2302, chili paste with garlic
2303, peaches
2304, knorr leek recip mix
2305, pineapple rings
2306, chilled seltzer
2307, low moisture mozzarella
2308, rins and drain
2309, shiitake mushroom caps
2310, orange
2311, rye bread
2312, miso paste
2313, Knorr Onion Minicubes
2314, hot pepper rings
2315, whole wheat pita bread rounds
2316,wild rice
2317,passion fruit
2318, tamarind pulp
2319, cuban peppers
2320,2% reduced-fat milk
2321,pie shell
2322,fiddlehead ferns
2323, hawaiian style marinade
2324, mustard powder
2325, kale
2326, fronds
2327,soft-wheat flour
2328,red grape
2329, diced onions
2330, vinegar
2331,margarine
2332, low-fat plain greek yogurt
2333,lean ground turkey
2334, cheddar cheese
2335,prebaked pizza crusts
2336, extra sharp cheddar cheese
2337, asadero
2338, raspberry jam
2339, ground meat
2340, piecrust
2341, mutton
2342, Baileys Irish Cream Liqueur
2343, red capsicum
2344, cocoa
2345, rajma
2346,sea scallops
2347, chestnuts
2348, golden delicious apples
2349, ocean perch
2350, teriyaki sauce
2351,tamales
2352, pork cutlets
2353, nonstick spray
2354,ice cubes
2355, full fat sour cream
2356, large eggs
2357,fresh dill
2358, butter oil
2359, crab meat
2360,azuki bean
2361, Yuzukosho
2362, white cheese
2363,shoyu
2364, rins and pat dry
2365,broccoli
2366, heeng
2367,round steaks
2368, ground sausage
2369, mint leaves
2370,fresh basil leaves
2371,heavy whipping cream
2372,salmon fillets
2373, California bay leaves
2374, jackfruit
2375,beef steak
2376, taco seasoning reduced sodium
2377,lite coconut milk
2378, dried chile
2379, fully cooked luncheon meat
2380, honey mustard
2381, frozen cranberry juice concentrate
2382,thai basil
2383, topping
2384, ditalini pasta
2385,full fat coconut milk
2386, turbinado
2387, chicken thigh fillets
2388, dark chocolate
2389, monterey jack
2390,roast beef
2391,jumbo pasta shells
2392, Wish-Bone House Italian Dressing
2393, boneless salmon fillets
2394, fettucine
2395,napa cabbage
2396, satsuma imo
2397, fish fillets
2398, nutritional yeast
2399,cranberries
2400,savory
2401,andouille sausage links
2402,anchovy fillets
2403,baguette
2404,ground chicken breast
2405, minced ginger
2406, gluten flour
2407, nonfat dry milk
2408, corn starch
2409,tequila
2410, semi-sweet chocolate morsels
2411, food colouring
2412,lentils
2413, rice crackers
2414, crushed red pepper flakes
2415,rolls
2416,half & half
2417, chinese chives
2418,squid
2419, radicchio
2420, Mizkan Rice Vinegar
2421, lager beer
2422, fresh lime
2423,garam masala
2424,powdered sugar
2425,green beans
2426, ground cloves
2427, 2% reduced-fat milk
2428,artichoke hearts
2429,chicken drumsticks
2430,baking apples
2431, prego traditional italian sauce
2432, center cut pork roast
2433,rice vermicelli
2434, pear halves
2435, egg substitute
2436, sushi rice
2437,challa
2438,chiles
2439, yellow tomato
2440, garlic bread
2441, beef gravy
2442, Mexican cheese blend
2443, penn pasta
2444, dark molasses
2445, dri oregano leaves
2446, soft-boiled egg
2447,boneless flank steak
2448, cider
2449, apricot preserves
2450,freekeh
2451, salad dressing
2452, shredded sharp cheddar cheese
2453,skinless salmon fillets
2454, chili
2455, chocolate spread
2456, McCormick Oregano Leaves
2457, chocolate sticks
2458,vegetable broth
2459, boneless country pork ribs
2460, Shaoxing wine
2461,buttermilk biscuits
2462, mini marshmallows
2463, tahini
2464,posole
2465, pure vanilla extract
2466, wax beans
2467,red wine vinegar
2468, fully cooked ham
2469, szechwan peppercorns
2470,salted roast peanuts
2471, kefalotyri
2472, gnocchi
2473, dried currants
2474, silken tofu
2475,prawns
2476, mozzarella cheese
2477, hothouse cucumber
2478, dijon style mustard
2479, heavy cream
2480,greek yogurt
2481, garlic powder
2482,large potatoes
2483,American cheese
2484, leeks
2485, Chinese rice vinegar
2486, mango
2487, hot red pepper flakes
2488, light cream cheese
2489, fryer chickens
2490,Italian bread
2491, parmigiana-reggiano
2492,yellow tomato
2493, bulgur
2494,skirt steak
2495, Pam Cooking Spray
2496, fresh parsley leaves
2497, canadian bacon
2498,sesame seeds
2499, semi pearled farro
2500, homemade chicken broth
2501,schnitzel
2502,flour
2503,turnips
2504, quince paste
2505, whole grain dijon mustard
2506, parsley
2507,free-range chickens
2508,chicken livers
2509, okra pods
2510, sage
2511, salted roast peanuts
2512, tart
2513, bertolli
2514, 1 inch thick
2515, potatoes
2516, green enchilada sauce
2517,flour for dusting
2518, sashimi grade tuna
2519,fennel seeds
2520,salmon
2521, chicken cutlets
2522,butter beans
2523, Daisy Sour Cream
2524, italian pizza crust
2525,chickpeas
2526, lemon
2527,cream of mushroom soup
2528, chicken
2529,hard-boiled egg
2530, ascorbic acid
2531, Campbell's Condensed French Onion Soup
2532, barley malt syrup
2533, angel hair
2534,brown sugar
2535, whole wheat orzo
2536, orange marinade
2537, italian-style meatballs
2538, fish sauce
2539,pumpkin purée
2540,pork shoulder boston butt
2541, kielbasa
2542, dill pickles
2543, herb seasoning
2544,fresh mushrooms
2545,bread
2546, fresh cranberries
2547, beef shoulder
2548, smoked bacon
2549, anise seed
2550, sweet red wine
2551, bouillon
2552, beef bones
2553, bittersweet chocolate chips
2554, black beans
2555,walnuts
2556, reduced sodium soy sauce
2557, chopped pecans
2558, candy
2559, reduced fat shredded cheese
2560,tomato soup
2561, tonic water
2562, wild salmon
2563, cooking fat
2564, dried tarragon leaves
2565, stew meat
2566, orzo pasta
2567, shredded Italian cheese
2568,sweet paprika
2569, cooked brown rice
2570, onion salt
2571, allspice berries
2572,new potatoes
2573, unsalted beef stock
2574, corn-on-the-cob
2575, large garlic cloves
2576, Bertolli Garlic Alfredo Sauce
2577,pork chops
2578, parsnips
2579,dried split peas
2580, palm sugar
2581,white wine vinegar
2582, ice water
2583, navy beans
2584, artichokes
2585, seedless green grape
2586, orange bell pepper
2587,almond milk
2588, rice vinegar
2589, apple cider
2590,refried beans
2591,torn romain lettuc leav
2592, champagne vinegar
2593, stewing beef
2594, salad oil
2595, thyme
2596,pork steaks
2597, Just Bare Chicken Thighs
2598, hot spanish paprika
2599,dumpling wrappers
2600, dill tips
2601, black treacle
2602,pepperidge farm puff pastry sheets
2603, fresh dill
2604, lime wedges
2605, frozen strawberries
2606, luke warm water
2607, patis
2608, butter
2609, sliced tomatoes
2610, dates
2611, brown mustard seeds
2612, lean ground turkey
2613,plain whole-milk yogurt
2614, organic sugar
2615,rocket leaves
2616,hellmannâ€™ or best food canola cholesterol free mayonnais
2617, Pure Wesson Canola Oil
2618,yellow cake mix
2619, extra firm tofu
2620, ground sirloin
2621, McCormick Ground Cumin
2622,littleneck clams
2623,mochi rice
2624, peel and devein
2625,kahlua
2626, smoked ham hocks
2627, samphire
2628,cherry juice
2629, light pepper jack cheese
2630, anise oil
2631,low sodium soy sauce
2632, turkey
2633, low sodium chicken broth
2634, bacon fat
2635, evaporated milk
2636, hamburger buns
2637, tomato paste
2638, Dole Pineapple Tidbits
2639, chopped fresh herbs
2640, lower sodium soy sauce
2641,plain yogurt
2642, butter flavor shortening
2643,prepared pasta sauce
2644, fire roasted diced tomatoes
2645,boneless
2646, prepar salsa
2647, chili bean paste
2648,boneless beef chuck eye roast
2649, spring water
2650, fish stock
2651, beni shoga
2652, bacon grease
2653,brats
2654, basil pesto sauce
2655, Irish whiskey
2656, swiss chard
2657, thyme sprig
2658,ground cinnamon
2659, almond filling
2660, Bertolli Tomato & Basil Sauce
2661,white beans
2662, Knorr® Fiesta Sides Spanish Rice
2663, fat-free refried beans
2664, piri-piri sauce
2665, vegetable oil cooking spray
2666,tomato juice
2667, cooking spray
2668,reduced fat graham cracker crust
2669, bone-in pork chops
2670,amontillado sherry
2671, polenta prepar
2672, fennel seeds
2673,beets
2674, lemon dressing
2675, pita rounds
2676, chile paste with garlic
2677,chocolate syrup
2678, watercress
2679, dry bread crumbs
2680, turkey bacon
2681, cashew butter
2682, saffron
2683, cream
2684,beef rib steak
2685,top round steak
2686, plums
2687, leaf parsley
2688,pot roast
2689, sage leaves
2690, buttered toast
2691,turkey
2692, pizza crust
2693, hoagi or roll
2694,chicken bouillon
2695,sprite
2696, coleslaw
2697, cava
2698, finely chopped fresh parsley
2699,natural peanut butter
2700, asian
2701, dark chocolate chip
2702,ground turkey
2703, back bacon rashers
2704,cooked quinoa
2705, smoked paprika
2706, pork meat
2707,lardons
2708, light mayonnaise
2709, Corona Beer
2710, purple sweet potatoes
2711, citron
2712,ghee
2713, kidney beans
2714, small capers
2715, water chestnuts
2716, quick cooking brown rice
2717, dark soy sauce
2718, emerils essence
2719,saffron threads
2720, cannellini beans
2721,hominy
2722, chile de arbol
2723, squid
2724, white rice
2725, cocktail cherries
2726,potatoes
2727, instant couscous
2728, egg wash
2729,chocolate sandwich cookies
2730,boneless pork tenderloin
2731, almond milk
2732, molasses
2733,unsweetened coconut milk
2734, fat free less sodium vegetable broth
2735, endive
2736, urad dal
2737, black tea leaves
2738,dried cranberries
2739, chocolate-hazelnut spread
2740, chicken livers
2741, buttermilk
2742, baking chocolate
2743,bologna
2744, Dubliner cheese
2745, gin
2746, raw peeled prawns
2747, green plantains
2748,chicken breasts
2749, sea bass fillets
2750, processed cheese
2751,pineapple
2752, bow-tie pasta
2753, saki
2754, chili pepper flakes
2755, sauerkraut
2756, onion slices
2757,carrots
2758, portobello caps
2759, whole milk greek yogurt
2760, coffee beans
2761,crushed pineapple
2762, ground blanched almonds
2763,shortening
2764, lime zest
2765, mayonnaise
2766, extra large shrimp
2767, wholemeal flour
2768,toasted almonds
2769, basmati rice
2770,cheese
2771,tomatillo salsa
2772, short rib
2773, roast beef
2774,cauliflower
2775, McCormick® Paprika
2776, lamb neck fillets
2777, soft shelled crabs
2778,yellow split peas
2779,abura age
2780,bone in skinless chicken thigh
2781, chile paste
2782,curds
2783, brown sugar
2784, popcorn
2785, chicken fingers
2786, buttercream frosting
2787,light mayonnaise
2788, diced pimentos
2789,rib eye steaks
2790, ginger piece
2791, frozen pastry puff sheets
2792, all beef hot dogs
2793, roasted pepitas
2794,fresh mint
2795,teas
2796, cooked cut green beans
2797, marzipan
2798, egg yolks
2799,peeled fresh ginger
2800, ground paprika
2801, carnitas
2802, pernod
2803,orange
2804, gelatin
2805, shoyu
2806, paprika
2807, garlic puree
2808, frozen orange juice concentrate
2809, roasted tomatoes
2810, roasted bell peppers
2811, pickling cucumbers
2812, black peppercorns
2813,ground bison
2814,french fries
2815, hard cheese
2816, powdered sugar
2817, provolone cheese
2818, prosciutto slices
2819, Alfredo sauce
2820, garlic chives
2821,Skippy® Super Chunk® Peanut Butter
2822, cumin seed
2823,pineapple juice
2824,silken tofu
2825, essence
2826,applewood smoked bacon
2827,pistachios
2828, breyers smooth & dreamy 1/2 the fat creamy vanilla ice cream
2829,shelled pistachios
2830, lime peel
2831, whole wheat pita
2832,sweet white miso paste
2833, Accent Seasoning
2834, bean soup
2835, mozzarella balls
2836, new york strip steaks
2837, self raising flour
2838, Kerrygold Aged Cheddar Cheese
2839,fresh lemon
2840, top ramen
2841,okra
2842,egg whites
2843,cinnamon raisin bread
2844, stevia
2845, low-fat swiss cheese
2846, baby spinach
2847,light corn syrup
2848,cream style corn
2849,unagi
2850, great northern beans
2851, mentsuyu
2852, taco meat
2853, holiday morsels
2854,ear of corn
2855, club soda
2856, savory
2857, gingersnap
2858, imitation crab meat
2859,cod fillets
2860, green peas
2861, meat
2862,dried black beans
2863, apple cider vinegar
2864,corn syrup
2865, worcestershire sauce
2866, full fat coconut milk
2867, ground flaxseed
2868, broiler-fryer chicken
2869,Breyers® Natural Vanilla Ice Cream
2870, frozen raspberries
2871, kiwi fruits
2872, mint sauce
2873, strawberries
2874, margarine
2875,ciabatta
2876,chinese five-spice powder
2877,top sirloin steak
2878, fat free greek yogurt
2879, reduced-sodium tamari sauce
2880,cream
2881, extra-virgin olive oil
2882, rolled oats
2883, chop green chilies
2884, hellmann' or best food real mayonnais
2885,chopped tomatoes
2886, egg roll wrappers
2887, usukuchi soy sauce
2888,steak
2889, ground chipotle chile pepper
2890,dijon mustard
2891, semolina
2892, hazelnut liqueur
2893, fresh lime juice
2894, green bell pepper
2895, orange extract
2896,fresh pineapple
2897, salad greens
2898,meyer lemon
2899, sofrito
2900, confectioners sugar
2901,ground pork
2902,jumbo shells
2903, parsley leaves
2904, dulse flakes
2905,oil
2906,peanut oil
2907, hungarian sweet paprika
2908,green cabbage
2909, boneless skinless turkey breasts
2910, leaves
2911, minced beef
2912, parmigiano reggiano cheese
2913, bread flour
2914, onion soup mix
2915, chiles
2916, low fat cream of celery soup
2917, dried cranberries
2918,wholemeal flour
2919,pecan halves
2920,pastry
2921, amontillado sherry
2922,Guinness Beer
2923, sushi vinegar
2924, shrimp shells
2925, wish-bone creamy caesar dressing
2926, edamame
2927, peeled prawns
2928,pork sirloin chops
2929,mixed greens
2930, saffron threads
2931, English mustard
2932, aonori
2933,Old El Paso™ refried beans
2934, grapeseed oil
2935, shoepeg corn
2936, Kitchen Bouquet
2937, black cherries
2938,and cook drain pasta ziti
2939, tumeric
2940,bean threads
2941, condensed golden mushroom soup
2942,waffle cones
2943, ice cubes
2944, borlotti beans
2945, Greek feta
2946, carrots
2947, Knorr® Beef Bouillon
2948, long beans
2949,oyster mushrooms
2950,pinto beans
2951, portabello mushroom
2952,teriyaki sauce
2953, lime leaves
2954, bone-in chicken
2955,macaroni
2956, dark sesame oil
2957, whitefish
2958,foie gras
2959, orange flower water
2960, grape juice
2961, boiling onions
2962,hot fudge topping
2963, cold milk
2964, pumpkin pie spice
2965, cream of coconut
2966, loin pork roast
2967, soup mix
2968,red lentils
2969,low sodium chicken stock
2970, bonito flakes
2971, cut into
2972, sunflower seeds
2973,lamb loin chops
2974, apricots
2975,canola oil
2976, lemon pepper seasoning
2977, dried sage
2978,dry white wine
2979, fish steaks
2980, nonfat milk
2981,skinless chicken breasts
2982, sliced leeks
2983,rhubarb
2984, mild cheddar cheese
2985, fresh veget
2986,mushroom caps
2987,boneless beef chuck roast
2988, Hidden Valley® Original Ranch Salad® Dressing & Seasoning Mix
2989, I Can't Believe It's Not Butter!® Spread
2990,flank steak
2991, lemon-lime soda
2992, dukkah
2993, powdered milk
2994, sun-dried tomatoes in oil
2995, white bread crumbs
2996, adobo seasoning
2997,green leaf lettuce
2998, white wine vinegar
2999, meat cuts
3000, small potatoes
3001,loaves
3002,baking spray
3003, tandoori spices
3004, lobster tails
3005, white button mushrooms
3006, thai chile
3007, pickling spices
3008,yellow miso
3009, olive brine
3010, extra wide egg noodles
3011, chestnut mushrooms
3012, superfine sugar
3013,bass
3014, cabbage
3015,fish sauce
3016, medium salsa
3017, masala
3018,bean thread vermicelli
3019, Old El Paso Enchilada Sauce
3020, lemon thyme
3021, drain and flake
3022, medium potatoes
3023,roasted garlic
3024, candied cherries
3025, boneless chicken breast halves
3026, kirby cucumbers
3027,ground beef
3028, medium eggs
3029,Italian seasoned breadcrumbs
3030, chocolate syrup
3031, sesame oil
3032, fat free milk
3033,rib
3034, 2% low fat cheddar chees
3035, passion fruit juice
3036, margarita mix
3037,whipping cream
3038, walnuts
3039, espresso beans
3040, flounder fillets
3041,cannellini beans
3042, peach halves
3043,yellow squash
3044, perch
3045, sazon seasoning
3046, self-rising cornmeal
3047, culantro
3048, sausage casings
3049,pork tenderloin
3050,risotto
3051,white cornmeal
3052, noodles
3053,ground almonds
3054,phyllo dough
3055, beef broth
3056, frozen lima beans
3057, oysters
3058, extra lean ground beef
3059, rucola
3060, reduced fat sharp cheddar cheese
3061, red lentils
3062,coconut milk
3063, shanghai bok choy
3064,ground turkey breast
3065, Sprite Zero
3066, lime
3067,lemonade
3068, hot water
3069,tenderloin roast
3070,sweet onion
3071,beef stew meat
3072, icing
3073,red wine
3074, condensed tomato soup
3075, tawny port
3076, lean beef
3077, kalamata
3078,cottage cheese
3079, rose water
3080, cherry preserves
3081, tamarind concentrate
3082, Eggland's Best® eggs
3083, knorr homestyl stock   beef
3084, french fried onions
3085, fresh bay leaves
3086, pomegranate
3087,whole milk ricotta cheese
3088, littleneck clams
3089,cilantro
3090, dried navy beans
3091,panko
3092, ragu cheesi classic alfredo sauc
3093,pork and beans
3094, saltines
3095,frozen chopped spinach
3096, cinnamon sugar
3097,basil leaves
3098,varnish clams
3099, dark bread
3100,beef tenderloin
3101, port
3102, whole wheat flour
3103, boneless
3104, red bean paste
3105, tuna steaks
3106,biscuits
3107, fresh basil leaves
3108,beef rib short
3109, maple-flavored syrup
3110,rib roast
3111,rye bread
3112, pork rind
3113, salmon sashimi
3114, milk & cream
3115, dark meat
3116, italian plum tomatoes
3117,vegan mayonnaise
3118, Hellmann's Dijonnaise Creamy Dijon Mustard
3119,spaghetti squash
3120, Madeira
3121, prebaked pizza crusts
3122, pecorino cheese
3123, bacon drippings
3124, Dixie Crystals Confectioners Powdered Sugar
3125, chile powder
3126, gluten free all purpose flour
3127, red apples
3128, pancake mix
3129,garlic cloves
3130,feet
3131,dried salted codfish
3132, Marcona almonds
3133,bread rolls
3134, chili beans
3135,worcestershire sauce
3136, coarse ground mustard
3137, bone in chicken thighs
3138,vegetables
3139,boiling potatoes
3140, cocktail sauce
3141,salmon steaks
3142, Sierra Mist
3143, buckwheat soba noodles
3144,white pea beans
3145, barley flour
3146,sliced carrots
3147,BACARDI® Rum
3148, top round roast
3149,crab leg
3150, sweetened condensed milk
3151, chinese cabbage
3152, brine
3153, grape leaves
3154,chopped cooked ham
3155,soft tofu
3156,irish bacon
3157, spaghetti
3158, preserved lemon
3159,vine ripened tomatoes
3160, white wine
3161, sliced green onions
3162,broccoli florets
3163, palm oil
3164, caster sugar
3165,cooked white rice
3166, shredded basil
3167,whole turkey
3168,onions
3169, wheat starch
3170, ham hock
3171, coconut extract
3172, gorgonzola
3173, daal
3174, caraway
3175,celery
3176, organic chicken
3177,sesame oil
3178,cumin seed
3179,shrimp
3180, coffee
3181,chocolate graham crackers
3182,chicken meat
3183,dark chocolate
3184,tiger prawn
3185, black rice vinegar
3186,bamboo shoots
3187, coriander powder
3188, Niçoise olives
3189, Mexican cheese
3190, salted peanuts
3191, ranch dressing
3192, DeLallo Diced Tomatoes
3193, baking powder
3194,long-grain rice
3195, sliced cucumber
3196, medium firm tofu
3197, coconut butter
3198, thai basil
3199,pizza doughs
3200,mayonnaise
3201,italian salad dressing
3202,sour cream
3203,bread mix
3204, chilli paste
3205, short pasta
3206, powdered gelatin
3207, sliced kalamata olives
3208, channa dal
3209, file powder
3210, marshmallow creme
3211, Spice Islands® Minced Garlic
3212, dried tomatoes
3213, dill seed
3214,Ghirardelli White Chocolate Baking Bar
3215,apples
3216, pastry cream
3217, bolillo
3218, turkey breast
3219, medium egg noodles
3220, raw cashews
3221, raw honey
3222,venison
3223, unseasoned breadcrumbs
3224,vegetable stock
3225, red bell pepper
3226, beef stew meat
3227, light soy sauce
3228, olives
3229, fresh red chili
3230, solid pack pumpkin
3231, white rum
3232, lima beans
3233, Bragg Liquid Aminos
3234, trumpet royale mushrooms
3235, prepared coleslaw
3236, spaetzle
3237, raspberries
3238, curaçao
3239,green lentil
3240, Japanese rice vinegar
3241, bone-in chicken breast halves
3242,cooked brown rice
3243, honey
3244, black tea
3245,low-fat buttermilk
3246, Old El Paso™ chopped green chiles
3247, shanks
3248, fresh tarragon
3249,calf liver
3250, chopped fresh mint
3251, fresh lemon
3252, cured chorizo
3253, oatmeal
3254,quick cooking brown rice
3255,greens
3256,skinless chicken thighs
3257,zest
3258, shredded carrots
3259, toasted sesame oil
3260, Goya Capers
3261, onion flakes
3262, whole grain pasta
3263,sausage links
3264, lady fingers
3265, apples
3266,peach schnapps
3267, salted butter
3268,cantaloupe
3269, cracked wheat
3270, pinenuts
3271, crushed ice
3272, unsalted butter
3273, chilean sea bass
3274, grapefruit
3275, wheat germ
3276, steak
3277,hungarian paprika
3278, ripe olives
3279, clementine juice
3280, pimenton
3281, duck drumsticks
3282, rice
3283, small eggs
3284,boneless beef chuck pot roast
3285, cut into italian loaf
3286, fried eggs
3287, caraway seeds
3288, oil cured olives
3289,yellow lentils
3290, canola mayonnaise
3291, safflower oil
3292, cod filets
3293,salad
3294, peppermint
3295, zucchini blossoms
3296, sunflower oil
3297, pimenton de la vera
3298, Mazola® Sobrecitos™ Chicken Flavor Bouillon Packets
3299, ground hazelnuts
3300, topping mix
3301, seasoned flour
3302, grated nutmeg
3303, marjoram
3304, leg of lamb
3305, fresh thyme leaves
3306, chicken breasts
3307, cilantro sprigs
3308, clove
3309,vegan margarine
3310,plum tomatoes
3311, chicken tenderloin
3312, Progresso Black Beans
3313, whole wheat white flour
3314,coarse sea salt
3315,fuji
3316, emerils original essence
3317,sake
3318, spinach leaves
3319, salsify
3320,rice stick noodles
3321,goose liver
3322, diced tomatoes and green chilies
3323,finely chopped onion
3324,cider vinegar
3325, candy sprinkles
3326, dried lentils
3327,sweet potatoes
3328,caesar salad dressing
3329, galanga powder
3330, sour mix
3331, tomato sauce reduced sodium
3332,marrow
3333, whole grain mustard
3334, raita
3335,lobster
3336,bread dough
3337, cantal
3338, cooki vanilla wafer
3339,mutton
3340, knorr parslei minicub
3341, chanterelle
3342, baby lima beans
3343, whole wheat graham flour
3344, soft corn tortillas
3345,mahimahi
3346, chopped walnuts
3347,cayenne pepper
3348,white chocolate
3349,mussels
3350, yellow mustard
3351, salted caramels
3352,grape tomatoes
3353, dumpling skins
3354, nonhydrogenated margarine
3355, baby carrots
3356, dried minced onion
3357, meringue
3358,nectarines
3359, naan
3360, Japanese turnips
3361, freshly grated parmesan
3362, tomatillos
3363, toasted slivered almonds
3364, curly endive
3365,large shrimp
3366, tomato purée
3367, no salt added chicken broth
3368, vanilla essence
3369, salami
3370, white peppercorns
3371,garlic
3372, sazon goya
3373,caster sugar
3374, shrimp stock
3375, Lipton Green Tea with Mandarin Orange Flavor Pyramid Tea Bag
3376, dried strawberries
3377, dried mixed herbs
3378,yellow corn meal
3379, sliced
3380, apple juice
3381, roasted chili paste
3382, crescent rolls
3383,coconut oil
3384, lipton tuscan lemon flavor black pyramid tea bag
3385, taco sauce
3386, daikon
3387, condensed french onion soup
3388, white sugar
3389,large egg yolks
3390, chihuahua cheese
3391, free range egg
3392, toasted pine nuts
3393,boneless chicken thighs
3394,extra firm tofu
3395, pork belly
3396, white vinegar
3397, butter beans
3398, chicken fillets
3399, beef tenderloin
3400, gluten free oat flour
3401,whole wheat breadcrumbs
3402, sweet Italian turkey sausage
3403, thai noodles
3404, sprinkles
3405, liquid honey
3406,lemon rind
3407, green chilies
3408, fresh mint
3409, stock
3410, dried pineapple
3411, limeade
3412,grated parmesan cheese
3413, candied fruit
3414, pork neck
3415, disco empanada frozen
3416, veal stock
3417, ground oregano
3418, low-fat ricotta cheese
3419, prosciutto cotto
3420,fresh chevre
3421, paprika gravy
3422, steamed white rice
3423,chuck
3424,dried chile peppers
3425,boneless beef chuck
3426, boneless beef chuck
3427, champagne
3428, pomegranate juice
3429, fennel bulb
3430, rub
3431,skim milk
3432, Knudsen Light Sour Cream
3433, fresh herbs
3434, olive oil mayonnaise
3435, waxy potatoes
3436,caramel sauce
3437,cocoa
3438, cilantro stems
3439, croutons
3440, graviera
3441, calimyrna
3442, corn mix muffin
3443,baby okra
3444, vegan sour cream
3445, vermouth
3446,brandy
3447, light corn syrup
3448,lima beans
3449, semisweet baking chocolate
3450, somen
3451, chopped fresh thyme
3452,dark soy sauce
3453,grated orange
3454, pitted olives
3455,Old El Paso Enchilada Sauce
3456,Jameson Irish Whiskey
3457, whipping cream
3458, amaranth
3459, plum sauce
3460, white sauce mix
3461,beef drippings
3462,cold water
3463, marinated artichoke hearts
3464,boneless sirloin steak
3465, shallots
3466, yellow squash
3467,szechwan peppercorns
3468, mixed mushrooms
3469, cooked chicken breasts
3470,orange juice
3471, pinto beans
3472,coconut flakes
3473,enchilada sauce
3474, liquid
3475,mixed nuts
3476, crusty bread
3477,fresno chiles
3478, nigella seeds
3479, green chile
3480, pimentos
3481,thai jasmine rice
3482, basil
3483, tempura batter
3484, lentils
3485, romano cheese
3486, whole wheat egg noodles
3487, wheat
3488,tamarind concentrate
3489,baby potatoes
3490, iceberg
3491,navel oranges
3492,wide egg noodles
3493, split peas
3494, spicy salami
3495, cut up cooked chicken
3496,whole wheat spaghetti
3497, french's french fried onions
3498,dried pinto beans
3499, rosemary leaves
3500, fresh raspberries
3501, goat cheese
3502, chocolate shavings
3503, non-fat sour cream
3504,boneless chuck roast
3505,whole milk
3506,boneless chicken breast
3507, seedless cucumber
3508,roasted peanuts
3509, beef bouillon
3510, finely ground coffee
3511,chipotle salsa
3512, wish bone red wine vinaigrett dress
3513, portuguese rolls
3514, wheat bran
3515, melon seeds
3516, bass fillets
3517, king prawns
3518, jumbo shrimp
3519, varnish clams
3520, dried kelp
3521, hot cooked noodles
3522, ground lemongrass
3523, sausages
3524,fat-free italian salad dressing
3525, romaine lettuce
3526,sea bass
3527, plain flour
3528, herbs
3529, vegan yogurt
3530,boneless pork shoulder
3531, italian style stewed tomatoes
3532,canned black beans
3533, curcuma
3534,gyoza wrappers
3535, dried dill
3536, roasted rice powder
3537, goji berries
3538,vanilla sugar
3539, in juic natur pineappl slice
3540, small red potato
3541, cardamom seeds
3542, kecap manis
3543,sliced mushrooms
3544, veal
3545,boneless beef short ribs
3546, green leaf lettuce
3547, reduced fat mayonnaise
3548, minute steaks
3549, american cheese slices
3550, unsalted chicken stock
3551,beans
3552, sweet italian pork sausage
3553,green enchilada sauce
3554, zinfandel
3555, ragu cheesi light parmesan alfredo sauc
3556, skirt steak
3557, mcintosh apples
3558, frozen whole kernel corn
3559, rocket leaves
3560,ground ginger
3561, dried black beans
3562,whole wheat tortillas
3563, cheese ravioli
3564, swiss cheese
3565, greek seasoning
3566, mild green chiles
3567,horseradish
3568, beef
3569, corned beef
3570, cooked rice
3571,boneless skin on chicken thighs
3572, pimento stuffed olives
3573, calabaza
3574, grated cotija
3575, steamed brown rice
3576, cumin
3577,apple juice
3578, yellow mustard seeds
3579, plain greek yogurt
3580,ground coriander
3581,yellow summer squash
3582, crushed pineapple
3583,unsweetened baking chocolate
3584, chees fresco queso
3585,yeast
3586, beef stock cubes
3587, lamb seasoning
3588, kaiser rolls
3589, Thai red curry paste
3590,rotini
3591, firm tofu
3592,flour tortillas
3593, Wish-Bone Light Ranch Dressing
3594, peas
3595,red curry paste
3596, lemon zest
3597, tequila
3598, shredded Monterey Jack cheese
3599, celery ribs
3600, pork butt
3601, sesame chili oil
3602, bonito
3603, low sodium soy sauce
3604, roast red peppers
3605, yukon gold
3606, poblano chiles
3607,whole wheat pizza dough
3608, rosemary
3609, store bought low sodium chicken stock
3610, green tea
3611, fat free less sodium beef broth
3612,Dreamfields Penne Rigate
3613,oyster sauce
3614, shredded swiss cheese
3615, veal for stew
3616, whipped cream
3617, all purpose potatoes
3618, hot mustard
3619, undrain
3620,active dry yeast
3621, red food coloring
3622,green chilies
3623, chuck roast
3624, whole milk
3625, sour orange juice
3626, mahi mahi fillets
3627,low sodium chicken broth
3628, mushroom stock
3629, wine
3630, spam
3631, pastry dough
3632, flaked
3633, liver pate
3634,loin pork chops
3635, black cardamom pods
3636, meal
3637, crab
3638, active dry yeast
3639,chicken parts
3640, hot chili oil
3641, soya flour
3642,sesame paste
3643, pure olive oil
3644, coconut oil
3645, large shrimp
3646, low sodium chickpeas
3647, harissa
3648, knorr cajun side   red bean & rice
3649, corn flour
3650, pitted black olives
3651,nonfat greek yogurt
3652, crema
3653, fresh ginger root
3654, nori
3655, ground mustard
3656,chunky peanut butter
3657, clementines
3658, ladyfingers
3659, dried porcini mushrooms
3660, potato flakes
3661, nam pla
3662,vegetable oil cooking spray
3663, soba noodles
3664, Spring! Water
3665,beef
3666, shrimp paste
3667, miniature semisweet chocolate chips
3668, red wine
3669,tempeh
3670, quinoa
3671,basmati rice
3672, leaf lettuce
3673, Dr. Pepper®
3674,fillet red snapper
3675,black sticky rice
3676, small red beans
3677, chipotle chile
3678,currant
3679, meatloaf
3680, Emmenthal
3681,veal mince
3682, McCormick Ground White Pepper
3683, laughing cow
3684, dried bonito flakes
3685,lean ground pork
3686,hothouse cucumber
3687,walnut halves
3688, asian fish sauce
3689, freshly ground pepper
3690, medium zucchini
3691, frozen corn
3692, vegetable broth
3693, kimchi
3694,deli ham
3695, hand
3696, mango chutney
3697, flavored syrup
3698, grassfed beef
3699,papaya
3700, natural peanut butter
3701, habanero
3702, whole milk ricotta cheese
3703, pearl tapioca
3704, knorr cilantro minicub
3705,butter
3706, lager
3707, low-fat sour cream
3708, cook and drain
3709, sansho
3710, poha
3711, chicken leg quarters
3712, crushed pineapples in juice
3713, frozen okra
3714, chard
3715, seeds
3716,blueberries
3717,leeks
3718, oven-ready lasagna noodles
3719, baked beans
3720,day old bread
3721, extra light olive oil
3722, shahi jeera
3723,country white bread
3724,low-fat plain yogurt
3725, refrigerated pizza dough
3726, i can't believ it' not butter! made with olive oil spread
3727, fresh parmesan cheese
3728, bawang goreng
3729, cane sugar
3730, mild Italian sausage
3731, miso
3732, rigatoni
3733, pitted Greek olives
3734,Jif Creamy Peanut Butter
3735, arborio rice
3736,cayenne
3737, yoghurt natural low fat
3738, chaat masala
3739, mojo marinade
3740, pastry
3741, kalamata olive halves
3742, ground turmeric
3743,cauliflower florets
3744, Pale Ale
3745,beef fillet
3746, bosc pears
3747, pomegranate molasses
3748, lemon slices
3749, french onion soup
3750,cutlet
3751,virgin coconut oil
3752, creole seasoning
3753,jumbo shrimp
3754, pork country-style ribs
3755, deli mustard
3756, pumpkin
3757, manchego cheese
3758,merlot
3759,beef shank
3760, napa cabbage leaves
3761,yoghurt
3762, curry leaves
3763, tilapia fillets
3764, cereal
3765,sunflower oil
3766, dried shrimp
3767, fine chop
3768, veal liver
3769, light brown sugar
3770, wish bone ranch dress
3771, konnyaku
3772, salted dry roasted peanuts
3773, chopped nuts
3774, spanish chorizo
3775,sponge cake
3776,chopped pecans
3777, Green Giant™ frozen cut green beans
3778, fish
3779,pork shoulder butt
3780,eggs
3781,fully cooked luncheon meat
3782, pork ribs
3783, ground allspice
3784, frozen edamame beans
3785,smoked kielbasa
3786, ancho chili ground pepper
3787,popped popcorn
3788, cool whip
3789,Thai fish sauce
3790, liqueur
3791,mint leaves
3792, cooked white rice
3793,spring onions
3794,fresh ginger root
3795, serrano ham
3796,ricotta
3797, cream sherry
3798, Breyers® Natural Vanilla Ice Cream
3799, brisket
3800,fresh parsley
3801, full fat organic coconut milk
3802, light beer
3803, kohlrabi
3804, dashi powder
3805,Baileys Irish Cream Liqueur
3806, cheese cubes
3807,kaiser
3808,dark brown sugar
3809, kewra water
3810,catfish fillets
3811, chillies
3812, ground lamb
3813,milk
3814,soba
3815,blanched hazelnuts
3816,chinese spinach
3817, grated pecorino
3818, raw almond
3819, figs
3820, non dairy yogurt
3821, clams
3822, sardines
3823,red chili peppers
3824,fajita size flour tortillas
3825, unsweetened soymilk
3826, chopped hazelnuts
3827,long grain and wild rice mix
3828,golden beets
3829, blueberries
3830, pork chops
3831, fine salt
3832, panko breadcrumbs
3833, mustard
3834,frozen lemonade concentrate
3835, sourdough
3836, sea salt flakes
3837,vanilla beans
3838,mandarin oranges
3839, ground cinnamon
3840, skippi natur creami peanut butter spread
3841, wish-bone deluxe french dressing
3842,frozen hash browns
3843, pasilla chile pepper
3844, stone ground mustard
3845, boneless chicken breast
3846, hummus
3847, whole peeled tomatoes
3848, pita chips
3849,cashew nuts
3850, prawns
3851,brussels sprouts
3852, irish cream liqueur
3853, achiote powder
3854, frozen green beans
3855, ginger paste
3856, anise extract
3857,granny smith apples
3858,cranberry juice cocktail
3859, red vinegar white white
3860, canned tomatoes
3861, french sandwich rolls
3862,fully cooked ham
3863, cocoa powder
3864, ramen noodles
3865, holy basil
3866, french bread
3867, canned chopped tomatoes
3868,giblet stock
3869, serrano peppers
3870, corn flakes
3871, cooked meatballs
3872,crust
3873, wheat flour
3874,paprika
3875, unagi
3876, yeast
3877, seasoned bread crumbs
3878, raw sugar
3879, whole cranberry sauce
3880,sushi rice
3881, asafoetida
3882, florets
3883,Lipton Diet Green Tea with Citrus
3884,buns
3885, fermented black beans
3886,red miso
3887, fajita meat
3888, coriander
3889,fish
3890, light cream
3891,Concord grapes
3892, cayenne pepper sauce
3893, baton
3894,blanched almonds
3895,chuck steaks
3896, feta cheese crumbles
3897,nonfat yogurt plain
3898, low sodium broth
3899,raisins
3900, non stick spray
3901, low sodium beef broth
3902, turkey sausage
3903, boneless skinless chicken breasts
3904,pork baby back ribs
3905, juice concentrate
3906, avocado oil
3907,vinegar
3908, tahini paste
3909, free-range chickens
3910,pasta tubes
3911, non-dairy margarine
3912,soy
3913, corn kernel whole
3914,black peppercorns
3915, spanish rice
3916, potato starch
3917, meat bones
3918, golden syrup
3919, sprouts
3920, reduced sodium chicken broth
3921,pork top loin chops
3922, soy sauce
3923,egg yolks
3924, mexican chocolate
3925,snap beans
3926, thin sticks
3927, pears
3928, chopped green bell pepper
3929,long grain white rice
3930, tart apples
3931, grated parmesan cheese
3932,chicken tenderloin
3933, roasted peanuts
3934,Jagermeister Liqueur
3935,grated lemon zest
3936, buns
3937, french rolls
3938, sweet onion
3939, mushrooms
3940,anchovies
3941, extra sharp white cheddar cheese
3942, reduced fat cheddar cheese
3943, Dixie Crystals Extra Fine Granulated Sugar
3944,plain low fat greek yogurt
3945, baby tatsoi
3946, frozen whipped topping
3947, nutmeg
3948,hellmann' or best food light mayonnais
3949,chopped garlic
3950, KRAFT 2% Milk Shredded Sharp Cheddar Cheese
3951,finnan haddie
3952,white flour
3953, dried thyme
3954, coffee liqueur
3955, chili flakes
3956, green curry paste
3957,mild olive oil
3958, reduced sodium vegetable broth
3959, white chocolate
3960, pineapple slices
3961, cream sweeten whip
3962, radish slices
3963, orange bitters
3964,sweet chili sauce
3965, chopped fresh chives
3966, lipton recip secret savori herb with garlic soup mix
3967,stuffing
3968,Wish-Bone Italian Dressing
3969, chicken pieces
3970, aged Manchego cheese
3971, fatfree lowsodium chicken broth
3972, eggs
3973, black sesame seeds
3974,minced garlic
3975, cubed pumpkin
3976, key lime juice
3977,yellowtail
3978, fresh spinach
3979,thyme leaves
3980, cold cut
3981,salad leaves
3982, soba
3983, brown mustard
3984, ciabatta loaf
3985, brown lentils
3986,scallopini
3987,corn flour
3988, sherry vinegar
3989, dashi
3990, prepared pie crusts
3991,broccolini
3992, gomashio
3993, mexican style 4 cheese blend
3994,thai chile
3995, fat skimmed chicken broth
3996, chinese rock sugar
3997, reduced fat chunky peanut butter
3998, soybean oil
3999, crab claws
4000, fontina
4001,corn starch
4002, nonfat yogurt
4003, boneless chicken thighs
4004,cooked ham
4005, Mountain Dew Soda
4006, gari
4007, curry sauce
4008, picholine olives
4009,instant espresso powder
4010,diced tomatoes
4011,crab
4012, marinade
4013, frozen shelled edamame
4014,poblano peppers
4015, curly kale
4016, hearts of romaine
4017, sirloin
4018, dry roasted peanuts
4019, hazelnuts
4020,sour orange juice
4021,jalapeno chilies
4022, cream of tartar
4023, walnut halves
4024, sazon goya with coriander and annatto
4025,deveined shrimp
4026, boneless chicken skinless thigh
4027, Mezzetta Sliced Greek Kalamata Olives
4028,low-fat yogurt
4029, fresh blueberries
4030, instant potato flakes
4031, large flour tortillas
4032, bittersweet chocolate
4033,chicken fillets
4034, meyer lemon
4035,Italian parsley leaves
4036, mung bean sprouts
4037,medium zucchini
4038, cold coffee
4039,olive oil spray
4040, roasted red peppers
4041, lime slices
4042, demi-glace
4043, erythritol
4044,feta cheese
4045, pearl onions
4046,ice water
4047, deveined shrimp
4048, pimento stuffed green olives
4049, McCormick Ground Ginger
4050, basil leaves
4051, parsley flakes
4052, applesauce
4053, maida flour
4054,large garlic cloves
4055, awase miso
4056,dry pasta
4057, sweet potatoes
4058, bordeaux
4059, pineapple juice
4060, cooking apples
4061, japanese mountain yam
4062, sesame butter
4063, chinese turnip
4064,vanilla
4065,chicken breast tenders
4066, cooked bacon
4067, toasted cashews
4068,gobo root
4069, crumbs
4070,vanilla ice cream
4071, stewed tomatoes
4072, black bean garlic sauce
4073, chile pepper
4074,quail eggs
4075,beluga lentil
4076, meatballs
4077, stout
4078, soup
4079,wheat
4080,beansprouts
4081,turkey sausage
4082,flaked coconut
4083, canned low sodium chicken broth
4084, dough
4085,celery ribs
4086, white chocolate chips
4087, lemon pepper
4088, pita bread rounds
4089, long grain white rice
4090, garlic cloves
4091, mexican chorizo
4092, capocollo
4093, Grand Marnier
4094,mackerel fillets
4095, gold rum
4096, reduced-fat sour cream
4097, bone-in chicken breasts
4098,gold rum
4099, chutney
4100, whole wheat lasagna noodles
4101,Anaheim chile
4102, butter extract
4103, irish bacon
4104,dry roasted peanuts
4105,cod fish
4106,extra-virgin olive oil
4107,top sirloin
4108, japanese rice
4109, garlic paste
4110, fresh mozzarella balls
4111, white vermouth
4112,cornbread stuffing mix
4113, knorr tomato bouillon with chicken flavor cube
4114, simple syrup
4115,granulated sugar
4116, broccoli rabe
4117, crème fraîche
4118, pickle spears
4119,artichokes
4120, slab bacon
4121, pita pockets
4122, soft cheese
4123,giant white beans
4124, wasabi
4125, cilantro root
4126, pastrami
4127, msg
4128, frozen corn kernels
4129, veggies
4130, unbleached flour
4131,swordfish steaks
4132, tomato juice
4133, fry mix
4134, yam noodles
4135,prepared horseradish
4136, chee hou sauce
4137, organic chicken broth
4138, grapefruit juice
4139,extra lean ground beef
4140,stewing beef
4141,cake
4142, homemade beef stock
4143, Dole Classic Romaine
4144, swedish anchovies
4145, turkey stock
4146,orzo
4147, rustic bread
4148,sweetened condensed milk
4149, butter salt
4150, golden brown sugar
4151,mashed potatoes
4152,shredded carrots
4153, firmly packed light brown sugar
4154, dijon
4155,espresso
4156, granola cereal
4157, strawberry jam
4158,baby broccoli
4159, rib
4160, low-fat yogurt
4161,jicama
4162, cook egg hard
4163, fat free less sodium chicken broth
4164, fresh seafood
4165, boneless veal shoulder
4166, cajun seasoning
4167, wasabi paste
4168, Daiya cheddar cheese
4169,large egg whites
4170,white miso
4171,corn husks
4172, sliced black olives
4173,corn
4174, rock salt
4175,chicken fingers
4176, bakers ammonia
4177, Sriracha
4178, part-skim mozzarella cheese
4179, berries
4180, boneless skinless chicken breast halves
4181, rosemary sprigs
4182, lumpfish roe
4183,brown lentils
4184, pumpkin purée
4185, green grape
4186,mango
4187, balsamic reduction
4188,rotel pasta
4189, grated carrot
4190,whole kernel corn
4191, fava beans
4192,firm tofu
4193, bechamel
4194, refrigerated piecrusts
4195, beans
4196,scallions
4197, peach nectar
4198, minced garlic
4199, free-range eggs
4200, mace
4201,bow-tie pasta
4202, dried plum
4203, glass noodles
4204, McCormick Poppy Seed
4205,lime zest
4206,oven-ready lasagna noodles
4207, brie cheese
4208, hazelnut meal
4209,oxtails
4210, cooking sherry
4211, fatback
4212, cauliflower
4213,meat
4214, matchstick carrots
4215,sea salt
4216,red sockeye
4217,boneless lamb
4218, taco shells
4219, zest
4220, orange blossom honey
4221,sweet potatoes or yams
4222, chicken drumsticks
4223,vidalia onion
4224, almond extract
4225,pinenuts
4226, rice wine
4227, grating cheese
4228, baby arugula
4229, jam
4230, nectarines
4231, pizza doughs
4232,yamaimo
4233, sliced Spanish olives
4234, roast
4235, sliced ham
4236,baby lima beans
4237, cooked ham
4238, curry paste
4239, mixed vegetables
4240, cherry pie filling
4241, nuts
4242, tea powder
4243, graham crackers
4244,Lipton® Recipe Secrets® Onion Soup Mix
4245,chocolate cake mix
4246, rump roast
4247, pastina
4248, raspberry vinegar
4249,smoked paprika
4250, hot Italian sausages
4251, chopped almonds
4252, promise buttery spread
4253,fresh blueberries
4254,cooking spray
4255, char siu sauce
4256, cubed bread
4257,konbu
4258,chanterelle
4259, rock sugar
4260, sweet chili sauce
4261, prunes
4262, dried mushrooms
4263,asian noodles
4264,white onion
4265, gyoza wrappers
4266, fresh tomatoes
4267, beef brisket
4268, yellow peppers
4269, dry coconut
4270, kaiware
4271, sweet white miso paste
4272,red pepper
4273, canned beef broth
4274,low-fat sour cream
4275, cardamom pods
4276,dinner rolls
4277, liquid egg substitute
4278,boneless skinless chicken breast halves
4279, chicken stock cubes
4280, warm water
4281, lemon curd
4282, whole grain bread
4283, sake
4284,roma tomatoes
4285, vegetable stock
4286, fresh coriander
4287, red enchilada sauce
4288, bottom round roast
4289,new york strip steaks
4290, skim milk
4291,whole milk yoghurt
4292, bicarbonate of soda
4293,spam
4294, top round steak
4295, vanilla extract
4296, gluten-free tamari
4297, mixed spice
4298, quick oats
4299,bock beer
4300, slaw
4301, beef rib short
4302, bread machine yeast
4303, Biryani Masala
4304, garlic sauce
4305, bertolli four chees rosa sauc
4306, diced tomatoes in juice
4307, dried date
4308, gala apples
4309, cucumber
4310, tofu
4311, whole peppercorn
4312, shrimp
4313, Muir Glen Diced Tomatoes
4314, turkey tenderloins
4315, andouille chicken sausage
4316, Japanese Mayonnaise
4317, chopped cilantro fresh
4318, Hellmann's® Real Mayonnaise
4319, haddock fillets
4320,pizza crust
4321, tapioca starch
4322, potato gnocchi
4323, serrano
4324, chunky pasta sauce
4325,sweet chorizo
4326, ponzu
4327,vegetable oil
4328, wish bone balsam vinaigrett dress
4329, century eggs
4330, corn kernels
4331, smoked streaky bacon
4332, butter cooking spray
4333,frozen pastry puff sheets
4334, pineapple preserves
4335, fillets
4336, red snapper
4337, green papaya
4338, whole milk yoghurt
4339, onion soup
4340, graham flour
4341, enokitake
4342,boneless beef roast
4343,wild mushrooms
4344, muesli
4345, sushi nori
4346, chili oil
4347,au jus
4348,ground lamb
4349, lemon extract
4350, flat iron steaks
4351, vodka
4352, diced green chilies
4353, large egg whites
4354,reduced fat mayonnaise
4355,raspberries
4356, JELL-O Chocolate Instant Pudding
4357, chees fresh mozzarella
4358, catfish fillets
4359,shredded cabbage
4360,frozen limeade concentrate
4361,moong dal
4362, extract
4363, coconut rum
4364,piloncillo
4365,gluten-free pasta
4366, skinless chicken breasts
4367,evaporated milk
4368, yoghurt
4369, red pepper hot sauce
4370, table wine
4371,salt pork
4372, olive oil spray
4373,hamburger patties
4374, phyllo dough
4375, seasoned black beans
4376,crosswise
4377, light coconut milk
4378,cream cheese
4379,noodles
4380, syrup
4381, roasted almonds
4382, baguette
4383,polenta
4384,green bell pepper
4385,urad dal
4386,frozen meatballs
4387, gluten-free hoisin sauce
4388, sumac
4389, brewed espresso
4390, fresh basil
4391, Chianti
4392, medium-grain rice
4393, chana dal
4394, Fresh Express® Hearts of Romaine
4395,chile pepper
4396, mexicorn
4397,dark sesame oil
4398, chile sauce
4399, plain breadcrumbs
4400, sweet rice flour
4401, beef sausage
4402,marinara sauce
4403,tofu
4404, sliced olives
4405, diced potatoes
4406,turkey breast deli meat
4407,vegan cheddar cheese
4408, slaw mix
4409, linguica
4410, whole nutmegs
4411, chickpea flour
4412, savoy cabbage leaves
4413,hot dogs
4414, heirloom cherry tomatoes
4415,daikon
4416, splenda
4417, baby bok choy
4418, double-acting baking powder
4419, maldon sea salt
4420, yuzu juice
4421, ravioli
4422,gyoza
4423, idaho potatoes
4424, pectin
4425, genmai miso
4426, chili powder
4427, Sicilian olives
4428, crushed tomatoes
4429, artichoke bottoms
4430,chestnuts
4431,apricot preserves
4432, udon
4433,baking potatoes
4434, chopped onion
4435,spicy sausage
4436, mustard seeds
4437,corncobs
4438, frozen ravioli
4439, nut butter
4440, soda water
4441, chili sauce
4442,brine
4443, cauliflower florets
4444, pancetta
4445, fresh orange juice
4446, sponge cake
4447,pork rib chops
4448, ground turkey breast
4449, crumbled goat cheese
4450, gouda
4451, herbes de provence
4452,farro
4453,basil
4454, diced candied citron
4455, dinner rolls
4456,somen
4457, extra virgin coconut oil
4458, ground Italian sausage
4459,focaccia
4460, dried pasta
4461, asian dressing
4462, almond meal
4463, white mushrooms
4464, shiso leaves
4465,wonton wrappers
4466, pigeon peas
4467, purple onion
4468, pitted green olives
4469,almond extract
4470, refrigerated crescent rolls
4471, Kraft Miracle Whip Dressing
4472, pinot grigio
4473, sugar
4474, chopped tomatoes
4475, dried Thai chili
4476, coarse semolina
4477, lasagne
4478,medjool date
4479,brownies
4480, grill seasoning
4481, celtic salt
4482, oregano leaves
4483, chipotle
4484,marinated artichoke hearts
4485, ginger ale
4486,fresh spinach leaves
4487,fried rice
4488, salad
4489, sweet white wine
4490, beansprouts
4491, long-grain rice
4492, Garden of Eatin Tortilla Chips
4493, Italian herbs
4494,coffee beans
4495, white sandwich bread
4496, dried shiitake mushrooms
4497, dried rosemary
4498,durum wheat flour
4499, pepper jack
4500,tahini
4501, furikake
4502, sweet paprika
4503, jaggery
4504, hot salsa
4505,sour cherries
4506, sliced carrots
4507,pork spareribs
4508,extra virgin coconut oil
4509, low-fat vanilla yogurt
4510, shaved parmesan cheese
4511,strong white bread flour
4512, coconut aminos
4513, dill
4514, lard
4515, penne
4516, capers
4517, diced beef
4518,low sodium teriyaki sauce
4519,red quinoa
4520,frozen bread dough
4521, reduced fat shredded mozzarella cheese
4522,orange zest
4523, table salt
4524, cherry peppers
4525, green onions
4526, grated orange peel
4527, heavy whipping cream
4528, peanut oil
4529, marsala wine
4530, white poppy seeds
4531,fingerling potatoes
4532,prepared lasagne
4533, Greek olive
4534, Wish-Bone Italian Dressing
4535, unsalted almonds
4536, napa cabbage
4537, fontina cheese
4538,extra-lean ground beef
4539,hot sausage
4540, unflavored gelatin
4541, sliced fresh fruit
4542, oil packed anchovy fillets
4543,lemongrass
4544,pineapple chunks
4545, red pepper
4546,Johnsonville Andouille Fully Cooked Sausage
4547,ziti
4548, spices
4549, sea scallops
4550, reduced fat Mexican cheese
4551, black pepper
4552,multigrain bread
4553, sato imo
4554, Anaheim chile
4555, lemon rind
4556,butternut squash
4557,low-fat greek yogurt
4558,masala
4559,rapid rise yeast
4560, Burgundy wine
4561,parmesan cheese
4562, white bread
4563,whole wheat flour
4564, taco seasoning
4565, cooking liquid
4566, russet potatoes
4567, boy choy
4568, nonfat plain greek yogurt
4569,Hellmann's® Mayonnaise Dressing with Olive Oil
4570,bread crumbs
4571, sliced almonds
4572, toasted wheat germ
4573,reduced sodium chicken broth
4574,french baguette
4575, red chile powder
4576, pressed tofu
4577,onion powder
4578,medium tomatoes
4579, Jif Creamy Peanut Butter
4580, Ritz Crackers
4581, chili paste
4582, light butter
4583,sherry wine vinegar
4584,slivered almonds
4585, Jameson Irish Whiskey
4586,quinoa
4587,seedless cucumber
4588, dry vermouth
4589, cucumber salad
4590, fresh rosemary
4591, petite peas
4592,fat-free mayonnaise
4593,fresh tomatoes
4594, sauce
4595, shimeji mushrooms
4596, string beans
4597,turkey breast
4598,bacon grease
4599, peeled fresh ginger
4600,frozen corn
4601, risoni
4602, ham
4603, asparagus spears
4604, spanish onion
4605, pork sirloin
4606, frozen cranberries
4607, calvados
4608, organic vegetable broth
4609, burrata
4610,Philadelphia Cream Cheese
4611,maui onion
4612,balsamic vinegar
4613, hollandaise sauce
4614, lox
4615,nonstick spray
4616, chinese sausage
4617, shredded coconut
4618,figs
4619, basil dried leaves
4620, beef soup bones
4621, extra large eggs
4622, bone in skinless chicken thigh
4623, raisins
4624, pistachio paste
4625, diced red onions
4626,crusty bread
4627,95% lean ground beef
4628,chicken cutlets
4629, thyme sprigs
4630,cinnamon sticks
4631, country crock calcium plus vitamin d
4632, butternut squash
4633, beef rump
4634, extra thick double cream
4635, uncle bens
4636, roasted white sesame seeds
4637, dashi kombu
4638, vinaigrette dressing
4639, italian seasoning
4640, ricotta
4641, Belgian endive
4642,turkey meat
4643, corn chips
4644, condensed milk
4645, Truvía® natural sweetener
4646, dark corn syrup
4647, poblano chilies
4648,bone-in chicken breasts
4649, smoked salmon
4650, wonton wrappers
4651, peanut sauce
4652,green tea powder
4653, cinnamon
4654, chicken breast halves
4655, hot pepper sauce
4656,awase miso
4657, couscous
4658, angel food cake
4659, butter lettuce
4660, panang curry paste
4661,sirloin
4662, mini cucumbers
4663, turnip greens
4664, chicken thighs
4665, white sesame seeds
4666, lacinato kale
4667, beef consomme
4668, baby eggplants
4669,semisweet chocolate
4670, baking potatoes
4671, country bread
4672, potato flour
4673,shells
4674, Velveeta
4675, beef base
4676, maple syrup
4677,stout
4678, small pasta
4679, water
4680,meringue powder
4681, tomatoes
4682,green pepper
4683, roasting chickens
4684, grated Gruyère cheese
4685, fromage blanc
4686, pork shoulder roast
4687, baby kale
4688, coffee low-fat frozen yogurt
4689, French lentils
4690, ground tumeric
4691,kalamata
4692,paella rice
4693, curry powder
4694, chapati
4695, grated lemon peel
4696, roasted piquillo pepper
4697, shredded coleslaw mix
4698, yellow rice
4699, rice vermicelli
4700, yellow corn meal
4701, Knorr® Vegetable recipe mix
4702, unsalted dry roast peanuts
4703, apple pie filling
4704, black gram
4705,chunky pasta sauce
4706, spelt
4707,head cauliflower
4708, white beans
4709,fresh spinach
4710, uncook medium shrimp
4711, cilantro
4712, asafoetida powder
4713, low sodium taco seasoning
4714,Johnsonville Andouille
4715, whole wheat baguette
4716, pistachio nuts
4717, sandwich bread
4718, hot smoked paprika
