ingredients,fdist
olive oil,2034
garlic cloves,1439
black pepper,1081
soy sauce,954
chicken breasts,859
boneless skinless,777
kosher salt,763
vegetable oil,747
ground black,740
ground cumin,628
freshly ground,589
red onion,586
chicken broth,580
dried oregano,579
feta cheese,543
extravirgin olive,542
corn starch,523
sour cream,513
brown sugar,498
tomato paste,483
green onions,479
fresh parsley,469
lemon juice,447
red wine,442
yellow onion,441
ground beef,415
red bell,402
bay leaves,388
fresh ginger,362
garlic powder,360
chicken thighs,352
unsalted butter,350
chopped fresh,350
chicken stock,349
worcestershire sauce,339
sesame oil,338
minced garlic,338
bay leaf,330
sea salt,318
diced tomatoes,317
beef broth,313
red pepper,312
raw fish,279
dijon mustard,274
garam masala,274
green bell,271
cayenne pepper,268
canola oil,253
fresh lemon,243
beef stock,234
fresh thyme,234
dry white,233
dried thyme,226
cooking spray,219
tomato sauce,217
ground ginger,215
white wine,215
heavy cream,212
caraway seeds,208
grated parmesan,207
ground turmeric,201
chopped onion,201
flat leaf,196
ground coriander,195
lime juice,194
green pepper,194
rice vinegar,185
crushed red,182
chicken breast,174
lean ground,168
fresh cilantro,167
chopped parsley,166
cilantro leaves,163
black beans,162
cherry tomatoes,161
coconut milk,158
ground pepper,158
chopped cilantro,155
bread crumbs,152
cumin seed,151
pineapple juice,150
onion powder,150
fresh oregano,150
fresh lime,150
bell pepper,145
cheddar cheese,143
fresh basil,141
ground cinnamon,138
fren peas,138
boneless chicken,136
corn tortillas,136
shredded mzarella,135
white onion,135
hungarian paprika,135
fresh dill,133
pineapple chunks,131
smoked paprika,130
ground pork,128
oyster sauce,127
mzarella cheese,126
cracked black,125
orange juice,124
pepper flakes,123
cooked rice,122
white pepper,112
balsamic vinegar,111
sweet onion,110
saffron threads,110
dry red,110
cooking oil,109
shredded cheddar,109
curry powder,109
egg yolks,107
apple cider,106
cooked chicken,106
swiss cheese,105
fish sauce,105
whole wheat,103
parmesan cheese,102
sesame seeds,101
celery ribs,101
black peppercorns,100
beef brisket,100
skinless chicken,100
peanut oil,99
white rice,97
cider vinegar,97
flank steak,94
hoisin sauce,94
red potato,94
light soy,93
sweet paprika,93
dark soy,92
lime wedges,92
russet potatoes,91
toasted sesame,91
egg whites,90
whole milk,90
boneless pork,89
barbecue sauce,88
egg noodles,88
ground turkey,88
tomato pur,88
shaoxing wine,87
vegetable broth,86
ground allspice,86
lemon wedges,85
crushed tomatoes,85
cinnamon sticks,85
green olives,84
cold water,84
ground nutmeg,84
fresh rosemary,84
coriander powder,83
gruyere cheese,83
pork shoulder,83
panko breadcrumbs,82
chopped tomatoes,81
coriander seeds,80
fresh mint,80
finely chopped,80
coconut oil,79
ground lamb,79
plum tomatoes,79
puff pastry,79
cream of,79
dried basil,78
roasted red,77
light brown,77
fresh pineapple,77
hamburger buns,76
white vinegar,76
hot sauce,75
thyme sprigs,75
coarse salt,74
enchilada sauce,74
mustard seeds,72
grape tomatoes,71
brown rice,71
dry bread,71
ground red,70
dry mustard,70
lemon zest,69
yukon gold,68
pork tenderloin,67
romaine lettuce,66
taco seasoning,65
cream cheese,65
button mushrooms,65
pearl onions,64
baking powder,64
green cabbage,63
chinese fivespice,63
longgrain rice,63
ground cloves,62
jack cheese,62
spring onions,62
minced ginger,61
sweet potatoes,61
tzatziki sauce,61
sliced mushrooms,61
roma tomatoes,60
english cucumber,60
dry sherry,60
garlic paste,60
ricotta cheese,59
granulated sugar,59
dark brown,58
teriyaki sauce,58
pitted kalamata,58
fennel seeds,58
cremini mushrooms,57
dill pickles,57
ground white,57
chopped garlic,56
chuck roast,55
green beans,55
pita bread,55
italian seasoning,55
whole grain,54
chicken legs,54
bbq sauce,54
basmati rice,53
garlic salt,53
grated nutmeg,53
grated lemon,52
fresh mushrooms,52
dried rosemary,52
pork loin,52
yellow bell,51
marinara sauce,51
shredded cheese,51
preserved lemon,50
corned beef,50
mashed potatoes,50
black olives,50
medium tomatoes,49
medium carrot,49
herbes de,49
crushed pineapple,49
virgin olive,49
warm water,48
beef tenderloin,48
vegetable stock,48
pork chops,48
sundried tomatoes,48
broccoli florets,46
stewing beef,46
beef stew,45
fine sea,45
ground chicken,45
greek seasoning,44
pasta sauce,44
artichoke hearts,44
butternut squash,44
diced onions,44
dried parsley,43
baking soda,43
lettuce leaves,43
yellow mustard,42
cashew nuts,42
red cabbage,42
fresh orange,42
baby carrots,41
sliced green,40
mushroom soup,40
long grain,40
ginger root,40
medium shrimp,39
thyme leaves,39
boiling water,39
less sodium,39
chicken pieces,39
hot water,39
green peas,38
ground chuck,38
chinese rice,38
chicken drumsticks,38
tabasco pepper,37
chicken soup,37
ground cardamom,37
cooked white,36
half  half,36
boneless beef,35
meat bones,35
star anise,35
pizza sauce,35
arborio rice,35
mint leaves,34
dried apricot,34
fresh coriander,34
sliced tomatoes,34
guinness beer,34
seasoning salt,34
pineapple slices,33
crimini mushrooms,33
small red,33
white sugar,33
pizza doughs,33
minced onion,33
sherry vinegar,33
lasagna noodles,32
dried dill,32
fresh mzarella,32
bone in,32
french bread,32
monterey jack,32
jasmine rice,32
white mushrooms,31
fresh breadcrumbs,31
curry paste,31
pineapple rings,31
mexican cheese,31
rice wine,31
me fra,31
salt and,31
juniper berries,31
ginger paste,31
bamboo shoots,31
chipotles in,31
refried beans,30
fennel bulb,30
bacon slices,30
parsley sprigs,30
melted butter,30
baking potatoes,30
hot pepper,30
curry leaves,30
orange zest,30
light coconut,30
extra firm,29
red enchilada,29
dried black,29
spanish chorizo,29
penne pasta,29
old bay,29
peeled fresh,29
wide egg,29
deli ham,29
fresh tarragon,29
provolone cheese,29
stewed tomatoes,29
onion soup,29
fren puff,28
pastry sheets,28
canned tomatoes,28
chopped celery,28
water chestnuts,28
sunflower oil,28
shredded monterey,28
sweet pepper,28
spanish onion,28
cooked ham,28
green cardamom,27
spanish paprika,27
snow peas,27
mustard powder,27
thickcut bacon,27
round steaks,27
lime zest,27
grapeseed oil,26
new potatoes,26
salsa verde,26
sirloin steak,26
slivered almonds,25
granny smith,25
cajun seasoning,25
top sirloin,25
in juice,24
pork belly,24
vidalia onion,24
peanut butter,24
filet mignon,24
pork butt,24
sharp cheddar,24
lowfat milk,24
sherry wine,23
shredded sharp,23
shredded swiss,23
tamari soy,23
corn kernels,23
elbow macaroni,23
whipping cream,23
white bread,23
fresh tomatoes,23
rice noodles,23
basil leaves,23
rosemary sprigs,23
extra lean,23
white button,23
chicken fingers,23
leg of,22
table salt,22
sliced almonds,22
shredded cabbage,22
apple juice,22
white miso,22
lemon slices,22
chopped green,22
grated gruy,22
re cheese,22
golden raisins,22
pepper sliced,22
kaffir lime,22
garbanzo beans,22
malt vinegar,22
loin roast,22
pimento stuffed,22
diced red,22
skirt steak,22
pork roast,22
sliced carrots,22
celery seed,21
burger buns,21
grated orange,21
active dry,21
maple syrup,21
plain breadcrumbs,21
firm tofu,21
yellow squash,21
red curry,21
minced beef,21
sliced black,20
ground paprika,20
sliced ham,20
dried dillweed,20
bourbon whiskey,20
lemon pepper,20
low salt,20
sage leaves,20
lamb shoulder,20
creole seasoning,20
cooked brown,20
cilantro sprigs,20
old el,20
snack chips,20
pizza crust,20
shredded parmesan,20
steamed rice,20
hardboiled egg,20
sugar pea,20
freshly grated,19
orange bell,19
parsley leaves,19
chicken cutlets,19
rib eye,19
medium potatoes,19
hoagie rolls,19
ice water,19
tomato juice,19
yellow peppers,19
sliced cucumber,19
parmigiano reggiano,19
mexican style,19
fresh chives,19
full fat,19
pico de,19
shredded lettuce,19
stilton cheese,19
italian style,19
beef bouillon,19
red lentils,19
ground sirloin,19
english muffins,19
stew meat,18
kidney beans,18
pickling spices,18
savoy cabbage,18
prepared horseradish,18
leaf parsley,18
medium zucchini,18
onion flakes,18
dry vermouth,18
white beans,18
hungarian sweet,18
fren corn,18
rotisserie chicken,18
beef short,18
lower sodium,18
lump crab,18
fish stock,18
liquid smoke,18
chow mein,18
goat cheese,18
cardamom pods,18
tomatoes with,18
diced ham,18
seasoned bread,18
cooked quinoa,18
ground cayenne,17
miso paste,17
whole peeled,17
pitted green,17
shredded carrots,17
small carrots,17
pinto beans,17
italian parsley,17
napa cabbage,17
beef gravy,17
queso fresco,17
nonstick spray,17
lowfat sour,17
sour orange,17
seedless cucumber,17
iceberg lettuce,17
cooking wine,16
ras el,16
spicy brown,16
prepared mustard,16
pecorino romano,16
thai basil,16
partskim mzarella,16
reducedfat sour,16
in oil,16
roasting chickens,16
cauliflower florets,16
whole chicken,16
mixed salad,16
celery root,16
smoked ham,16
pie crust,16
ground mustard,16
center cut,16
hot dog,16
english mustard,16
crushed garlic,15
un coconut,15
top round,15
duck drumsticks,15
allspice berries,15
crusty bread,15
slab bacon,15
baby potatoes,15
light sour,15
coarse sea,15
thai red,15
yellow cornmeal,15
sliced kalamata,15
mixed spice,15
italian salad,15
cooked and,15
burgundy wine,14
crumbled blue,14
tortilla chips,14
granulated garlic,14
rump roast,14
salted butter,14
bok choy,14
clarified butter,14
littleneck clams,14
taco shells,14
whole cloves,14
heavy whipping,14
and carrots,14
roasted seaweed,14
serrano peppers,14
bouquet garni,14
light mayonnaise,14
parsley flakes,14
mature cheddar,14
celery salt,14
jumbo shrimp,14
breast halves,14
smoked bacon,14
coconut cream,14
dried sage,14
boiling potatoes,13
butter lettuce,13
celery sticks,13
fire roasted,13
ground veal,13
corn oil,13
dried shiitake,13
firmly packed,13
sweet corn,13
light cream,13
chuck steaks,13
ginger garlic,13
grating cheese,13
beef sirloin,13
coconut aminos,13
blue cheese,13
adobo seasoning,13
chicken bouillon,13
diced celery,13
soba noodles,13
dried leaves,13
marble jack,13
canned black,13
condensed cream,13
lager beer,12
whole kernel,12
roasted tomatoes,12
french lentils,12
beef shank,12
sourdough bread,12
fresh sage,12
fresh parmesan,12
hot cooked,12
chicken leg,12
beaten eggs,12
brown lentils,12
ground thyme,12
fresh bay,12
salad dressing,12
roasted garlic,12
hot dogs,12
phyllo dough,12
wild mushrooms,12
homemade chicken,12
medium egg,12
small yellow,12
tomato soup,12
palm sugar,12
canadian bacon,12
chunky salsa,11
taco sauce,11
black mustard,11
fenugreek seeds,11
peeled tomatoes,11
angel hair,11
clam juice,11
crushed pineapples,11
chestnut mushrooms,11
orange marmalade,11
tamarind paste,11
bonein skinon,11
green lentil,11
szechwan peppercorns,11
great northern,11
tart apples,11
dark beer,11
unsalted cashews,11
poppy seeds,11
hothouse cucumber,11
sweet and,11
sour sauce,11
mung bean,11
nutritional yeast,11
coconut sugar,11
sliced olives,11
fresh herbs,11
potato starch,11
chicken meat,11
dill weed,11
dried mint,11
cilantro stems,11
cottage cheese,11
wine vinegar,11
hellmanns or,11
best foods,11
roasted peanuts,11
black sesame,10
sushi rice,10
fresh shiitake,10
small potatoes,10
equal sweetener,10
rotini pasta,10
vegetable shortening,10
chicken flavor,10
chicken livers,10
pork country,10
arrowroot powder,10
lean beef,10
bacon fat,10
baby back,10
shredded coconut,10
buffalo sauce,10
bonein chicken,10
pork spareribs,10
rosemary leaves,10
shichimi togarashi,10
ancho powder,10
pearl barley,10
seafood stock,10
green enchilada,10
skim milk,10
shortgrain rice,10
dried porcini,10
black forest,10
ground round,10
mandarin oranges,9
dark sesame,9
chicken wing,9
liver pate,9
white corn,9
duck fat,9
sea scallops,9
baby arugula,9
dried tomatoes,9
bertolli classico,9
german mustard,9
quickcooking tapioca,9
honey mustard,9
banana peppers,9
boneless chuck,9
brown gravy,9
cubed beef,9
pork ribs,9
steak seasoning,9
sandwich buns,9
lemon rind,9
salt pork,9
mild olive,9
portabello mushroom,9
slider buns,9
marinated artichoke,9
double cream,9
gold potatoes,9
red capsicum,9
white sesame,9
pastry dough,9
creamy peanut,9
american cheese,9
paella rice,9
mexican oregano,9
chamel sauce,9
poblano peppers,9
tomato ketchup,9
evaporated milk,9
chicken wings,9
pita pockets,8
red kidney,8
butter beans,8
gai lan,8
butter oil,8
wasabi paste,8
chinese noodles,8
chicken parts,8
mixed vegetables,8
marsala wine,8
lamb loin,8
dinner rolls,8
green curry,8
agave nectar,8
poultry seasoning,8
potato chips,8
mixed mushrooms,8
salad greens,8
i cant,8
believe its,8
not butter,8
paso enchilada,8
shredded pepper,8
chopped walnuts,8
ground meat,8
adobo sauce,8
bertolli  sauce,8
stone ground,8
pulled pork,8
orzo pasta,8
cheese tortellini,8
veal stock,8
fajita seasoning,8
roast beef,8
beef roast,8
pitted black,8
oregano leaves,8
tuna steaks,8
fren meatballs,8
ham hock,8
grated horseradish,8
cannellini beans,8
brown mustard,8
leaves crushed,8
lamb chops,8
fren artichoke,8
fresh green,8
mustard oil,8
small onion,8
japanese soy,8
sweet mini,8
avocado oil,8
boneless duck,8
white cheddar,8
pepper jack,8
coconut flakes,8
shortcrust pastry,8
of mushroom,8
canned chopped,8
spanish olives,7
tarragon leaves,7
waxy potatoes,7
fren broccoli,7
reducedfat milk,7
ham steak,7
coarse ground,7
stuffing mix,7
bacon drippings,7
bowtie pasta,7
quick cooking,7
chicken demiglace,7
baby portobello,7
chicken tenderloin,7
extra  shrimp,7
soft corn,7
bone broth,7
peppers drained,7
fingerling potatoes,7
fully cooked,7
chinese black,7
duck breasts,7
spaghetti squash,7
romano cheese,7
almond meal,7
slaw mix,7
ovenready lasagna,7
pitted olives,7
dried pasta,7
hot red,7
chopped bell,7
swiss chard,7
phyllo pastry,7
fontina cheese,7
sweet pickle,7
pomegranate seeds,7
fresh marjoram,7
red food,7
blackeyed peas,7
toasted pine,7
celery soup,7
cooked bacon,7
himalayan salt,7
orange peel,7
horseradish sauce,7
dill seed,7
ginger juice,7
tapioca starch,7
crescent rolls,7
cracked green,7
brown cardamom,7
ramen noodles,7
chopped ham,7
onion salt,7
tamarind concentrate,7
brioche buns,7
cooked shrimp,7
sirloin tip,7
fren mixed,7
lean minced,7
ground oregano,6
curry sauce,6
corn drained,6
refrigerated pizza,6
persian cucumber,6
lobster tails,6
mustard greens,6
ranch dressing,6
idaho potatoes,6
manchego cheese,6
brussels sprouts,6
minced pork,6
cooking fat,6
fren bread,6
bay scallops,6
dry roasted,6
dried tarragon,6
fivespice powder,6
instant yeast,6
smoked gouda,6
boston lettuce,6
mango chutney,6
dried cranberries,6
duck stock,6
organic chicken,6
spice islands,6
asparagus spears,6
pork steaks,6
apricot preserves,6
hot smoked,6
portobello caps,6
deveined shrimp,6
fren sweet,6
turkey breast,6
sweet soy,6
grapefruit juice,6
olive brine,6
fermented black,6
varnish clams,6
fryer chicken,6
baked ham,6
grill seasoning,6
french baguette,6
black bean,6
kasuri methi,6
back ribs,6
wonton wrappers,6
whole allspice,6
heirloom tomatoes,6
apple jelly,6
grated romano,6
brown basmati,6
lean bacon,6
vine ripened,6
beef drippings,6
bomba rice,6
and drain,6
spanish rice,6
condensed tomato,6
fresh pork,6
neutral oil,6
paso taco,6
seasoning mix,6
campbells condensed,6
broccoli rabe,6
rice stick,6
bean curd,6
streaky bacon,6
of chicken,6
summer squash,6
garlic puree,6
shahi jeera,6
peeled shrimp,6
ground bison,6
ripe olives,6
cuban peppers,6
dubliner cheese,6
loin pork,6
french onion,6
seasoned rice,6
stir fry,5
flaked coconut,5
serrano ham,5
beef steak,5
small new,5
garden peas,5
pinot noir,5
thin spaghetti,5
boiling onions,5
uncook medium,5
shrimp peel,5
and devein,5
ciabatta rolls,5
hash brown,5
al steak,5
dried mushrooms,5
lime rind,5
cubed ham,5
broilerfryer chicken,5
cassia cinnamon,5
partskim ricotta,5
whipped cream,5
bread dough,5
tartar sauce,5
moong dal,5
fettuccine pasta,5
pork cutlets,5
thai fish,5
celery leaves,5
cranberry sauce,5
shoulder roast,5
sazon seasoning,5
un shredded,5
dried coconut,5
dark rum,5
pie dough,5
irish red,5
roasted sesame,5
lemon peel,5
teriyaki marinade,5
port wine,5
garlic bulb,5
hawaiian rolls,5
havarti cheese,5
macadamia nuts,5
no salt,5
ground sumac,5
sandwich rolls,5
italian cheese,5
tomato salsa,5
lime slices,5
a steak,5
urad dal,5
fenugreek leaves,5
greek olive,5
pumpernickel bread,5
eye of,5
round roast,5
baby corn,5
light butter,5
sweet relish,5
lamb leg,5
wide rice,5
champagne vinegar,5
mccormick oregano,5
pitted dates,5
light beer,5
harissa paste,5
oyster mushrooms,5
cream style,5
madras curry,5
black pudding,5
condensed french,5
mild salsa,5
chinese eggplants,5
lowsodium  chicken,5
greekstyle vinaigrette,5
extra sharp,5
wild rice,5
vegan butter,5
prebaked pizza,5
cooked meatballs,5
pepper sauce,5
onion slices,5
caster sugar,5
orange slices,5
chicken base,5
grate lime,5
dressing mix,5
dried mixed,5
dashi powder,5
scallion greens,5
soup mix,5
raw sugar,5
pasta cooking,5
foie gras,5
mccormick ground,5
bacon grease,5
zucchini noodles,5
ragu sauce,5
turkey tenderloins,5
pasta shells,5
green peppercorns,5
beef shoulder,5
lemon grass,5
parma ham,5
fresh peas,5
lowfat buttermilk,5
prepared salsa,5
cocktail cherries,5
instant rice,5
chinese egg,5
baby bok,4
picante sauce,4
mediumgrain rice,4
blanched almonds,4
hamburger patties,4
swanson chicken,4
chuck eye,4
superfine sugar,4
ground rosemary,4
lo mein,4
brie cheese,4
oise olives,4
powdered sugar,4
tagliatelle pasta,4
braising steak,4
brown ale,4
smoked fully,4
boneless lamb,4
japanese eggplants,4
shrimp paste,4
avocado slices,4
canned  chicken,4
chopped coriander,4
mexican crema,4
cheese slices,4
shredded colby,4
freerange eggs,4
strip steaks,4
prepared pizza,4
mustard sauce,4
canned chickpeas,4
white sandwich,4
pineapple preserves,4
cooking sherry,4
cage free,4
pineapple salsa,4
soft goat,4
ground almonds,4
wishbone italian,4
reducedsodium tamari,4
european cucumber,4
steak sauce,4
frying oil,4
low moisture,4
oilcured black,4
cured chorizo,4
thousand island,4
small tomatoes,4
swedish meatballs,4
steamed white,4
dried fig,4
raw honey,4
green leaf,4
fresh cod,4
tomato passata,4
cardamom seeds,4
almond milk,4
stewing steak,4
hoagie buns,4
collard greens,4
creole mustard,4
jumbo pasta,4
rocket leaves,4
pork baby,4
distilled vinegar,4
chopped potatoes,4
toasted slivered,4
sweet white,4
diced chicken,4
annatto seeds,4
italian dressing,4
bouillon cube,4
converted rice,4
pearl couscous,4
dill tips,4
anchovy paste,4
dole pineapple,4
beefsteak tomatoes,4
balsamico bianco,4
pitted greek,4
haricots verts,4
bisquick baking,4
mango salsa,4
walnut oil,4
rubbed sage,4
french fried,4
red preserved,4
fleur de,4
rye bread,4
red beets,4
mild curry,4
pizza toppings,4
medium dry,4
italian sauce,4
fresh salmon,4
softened butter,4
boneless sirloin,4
unsalted chicken,4
cipollini onions,4
rapeseed oil,4
green tomatoes,4
cut up,4
kaiser rolls,4
apricot jam,4
japanese rice,4
lowfat mayonnaise,4
piquillo peppers,4
silken tofu,4
fresh onion,4
sweet peas,4
pizza dough,4
dry yeast,4
sweet rice,4
olive tapenade,4
pork hocks,4
sandwich bread,4
pickle relish,4
pomegranate juice,4
skin on,4
clove garlic,4
fine chop,4
fat skimmed,4
red vinegar,4
hanger steak,4
green apples,4
dried shrimp,4
pastry shell,4
corn chips,4
crab meat,4
flavored cooking,4
un pineapple,4
lowfat cottage,3
beef boneless,3
meat stew,3
yellow rice,3
pickled onion,3
kabocha squash,3
light molasses,3
whole peppercorn,3
smoked sweet,3
harissa sauce,3
wheat tortillas,3
vegetable bouillon,3
irish butter,3
turkey stock,3
arctic char,3
soy marinade,3
grated coconut,3
red beans,3
yellow split,3
medium curry,3
bean paste,3
pecorino cheese,3
toasted baguette,3
cod filets,3
seville orange,3
golden delicious,3
muenster cheese,3
dried plum,3
dried chickpeas,3
mung beans,3
refrigerated piecrusts,3
pot roast,3
italian eggplant,3
crumbled goat,3
rice bran,3
french fries,3
sargento traditional,3
cut shredded,3
chopped nuts,3
cheese ravioli,3
cubed bread,3
dill pickle,3
sliced leeks,3
kalamata olive,3
pillsbury pie,3
beef rump,3
toasted almonds,3
paso refried,3
glutenfree tamari,3
spaghetti noodles,3
toasted walnuts,3
smoked streaky,3
white peppercorns,3
italian pizza,3
added chicken,3
sliced shallots,3
applewood smoked,3
filo dough,3
shiitake mushroom,3
ground sage,3
fennel fronds,3
mild cheddar,3
hard cider,3
hard rolls,3
dried minced,3
fresh corn,3
beef consomme,3
basil pesto,3
asian eggplants,3
chaat masala,3
pillsbury refrigerated,3
crescent dinner,3
honeysuckle white,3
glutenfree breadcrumbs,3
crusty rolls,3
gravy granules,3
cabbage leaves,3
turkey bacon,3
bonein turkey,3
tarragon vinegar,3
balsamic reduction,3
almond butter,3
fresh chervil,3
pepperoni slices,3
sambal ulek,3
unsalted roasted,3
lamb stew,3
cold cuts,3
beef base,3
hollandaise sauce,3
bean threads,3
apricot halves,3
kraft grated,3
minute rice,3
anise seed,3
vital wheat,3
herb seasoned,3
puy lentils,3
smoked bratwurst,3
crumbled gorgonzola,3
brewed coffee,3
castelvetrano olives,3
baby turnips,3
root vegetables,3
good seasons,3
mole sauce,3
pesto sauce,3
bacon crispcooked,3
and crumbled,3
chicken heart,3
white cooking,3
flat iron,3
condensed golden,3
taco toppings,3
cabernet sauvignon,3
yakisoba noodles,3
navel oranges,3
spaghetti cook,3
safflower oil,3
kecap manis,3
chicken feet,3
canned chicken,3
crumbled feta,3
chopped bacon,3
asian fish,3
wasabi powder,3
ground fennel,3
sauce mix,3
thyme sprig,3
bonito flakes,3
chinese chives,3
tenderloin roast,3
dried rice,3
italian herbs,3
smoked kielbasa,3
salad oil,3
halibut steak,3
made with,3
cream sherry,3
irish whiskey,3
biscuit mix,3
mushroom caps,3
lacinato kale,3
san marzano,3
potato salad,3
truffle oil,3
fish broth,3
shredded basil,3
chipotle peppers,3
accent seasoning,3
parsley root,3
toasted coconut,3
coconut water,3
bonein pork,3
prego traditional,3
mccormick garlic,3
black vinegar,3
rose water,3
whole nutmegs,3
fine salt,3
rolled oats,3
cooking liquid,3
red sockeye,3
pork and,3
cube steaks,3
allpurpose potatoes,3
store bought,3
hot mustard,3
roasted almonds,3
pink salt,3
ciabatta bread,3
red miso,3
rump steak,3
curry leaf,3
moroccan seasoning,3
brown mushroom,3
dark meat,3
tap water,3
grassfed butter,3
lamb shanks,3
coarse kosher,3
mini cucumbers,3
green garlic,3
biscuit dough,3
fried eggs,3
lemon thyme,3
green plantains,3
ginger ale,3
pickled jalapenos,3
short ribs,3
organic sugar,3
sweet red,3
california bay,3
red apples,3
mint sprigs,3
brown chicken,3
cornflake cereal,3
leaf lettuce,3
sharp white,3
fine grain,3
rotel tomatoes,3
acorn squash,3
plain tortilla,3
pan drippings,3
petite diced,3
country bread,3
walnut halves,3
celtic salt,3
onion rings,3
sliced bread,3
grated monterey,3
beef liver,3
roasted cashews,3
cilantro root,3
maui onion,3
gya skins,3
new york,3
tamarind pulp,3
unsalted dry,3
roast peanuts,3
taco bell,3
meat sauce,3
beni shoga,3
dried salted,3
hot curry,3
diced potatoes,3
shredded lowfat,3
freerange chickens,3
red leaf,3
lowfat feta,3
juice concentrate,3
nigella seeds,3
tomatillo salsa,3
inch thick,3
and corn,3
baked beans,3
diced lamb,2
pitted prunes,2
blade roast,2
boneless center,2
cut pork,2
nori sheets,2
hass avocado,2
homemade beef,2
pork liver,2
dipping sauce,2
soft taco,2
size whole,2
wood ear,2
back bacon,2
bertolli garlic,2
dried lentils,2
sticky rice,2
cooked bone,2
in ham,2
goose fat,2
mellow white,2
reduc sodium,2
chunky peanut,2
cabbage head,2
virgin coconut,2
brown sauce,2
cooking cream,2
pinot grigio,2
turkish bay,2
fresh udon,2
fresh chevre,2
boneless rib,2
eye steaks,2
piripiri sauce,2
sweet basil,2
muir glen,2
whole berry,2
wide noodles,2
unsalted beef,2
soda bread,2
black lentil,2
bonein ham,2
wonton noodles,2
slider rolls,2
cubed potatoes,2
anjou pears,2
pork meat,2
arrowroot starch,2
mazola sobrecitos,2
bouillon packets,2
mazola chicken,2
flavor bouillon,2
mazola corn,2
peach preserves,2
shiro miso,2
fren pie,2
organic vegetable,2
pie pastry,2
mccormick greek,2
red quinoa,2
dark chocolate,2
tritip roast,2
chopped kale,2
sazon goya,2
instant couscous,2
unsalted pistachios,2
cavenders greek,2
dry coconut,2
egg substitute,2
baby lima,2
bitter orange,2
kiwi fruits,2
turkey mince,2
sea bass,2
pork sirloin,2
achiote paste,2
kitchen bouquet,2
baked tortilla,2
chihuahua cheese,2
pickle spears,2
regular sour,2
light rum,2
hawaiian sweet,2
raw cashews,2
zesty italian,2
crushed pretzels,2
tofu sour,2
black truffles,2
salted peanuts,2
shirataki noodle,2
grilled chicken,2
kraft  shredded,2
soy milk,2
lima beans,2
onion tops,2
cashew butter,2
pork stew,2
glutenfree chicken,2
mccormick rosemary,2
fish steaks,2
french rolls,2
szechuan sauce,2
cane sugar,2
ham stock,2
refried black,2
veal cutlets,2
marcona almonds,2
homestyle stock,2
wonton skins,2
thai jasmine,2
empanada wrappers,2
flax egg,2
herdez salsa,2
fren cheese,2
cod fish,2
regular or,2
chicken carcass,2
tiger prawn,2
rice mix,2
organic coconut,2
braising beef,2
panang curry,2
crisco pure,2
tandoori paste,2
italian plum,2
diced bacon,2
lime leaves,2
shiso leaves,2
sargento artisan,2
blends shredded,2
upland cress,2
club soda,2
ahi tuna,2
watercress leaves,2
coffee granules,2
confit duck,2
potato gnocchi,2
rich chicken,2
corn flakes,2
ranchstyle seasoning,2
purple sweet,2
buckwheat soba,2
black rice,2
barbecued pork,2
shelled prawn,2
french sandwich,2
fresh chicken,2
bbq seasoning,2
pretzel hamburger,2
marjoram leaves,2
fren seafood,2
tawny port,2
sweet barbeque,2
turnip greens,2
boneless mutton,2
jumbo shells,2
garlic chives,2
wheat beer,2
turkey meatballs,2
jones dairy,2
farm ham,2
mixed bell,2
boneless country,2
hawaiian style,2
shredded zucchini,2
italian tomatoes,2
progresso black,2
laurel leaves,2
ground flaxseed,2
country ham,2
giant white,2
buffalo meat,2
annatto oil,2
smoked sea,2
fresh asparagus,2
baked pizza,2
knudsen sour,2
turkey patties,2
extra wide,2
dark leafy,2
bread rolls,2
golden brown,2
onion minicube,2
shoulder lamb,2
green papaya,2
sliced chicken,2
gherkin pickles,2
minced meat,2
lamb rib,2
spanish smoked,2
bread machine,2
balsamic vinaigrette,2
annatto powder,2
guava jelli,2
peach nectar,2
fren vegetables,2
grape leaves,2
manzanilla olives,2
perdue perfect,2
portions boneless,2
breast all,2
dried ziti,2
seafood seasoning,2
king prawns,2
rice milk,2
paprika gravy,2
unbaked pie,2
long pasta,2
winter savory,2
red kidnei,2
beans rins,2
fren banana,2
california avocado,2
beef for,2
green tea,2
au jus,2
pancetta slices,2
pork schnitzel,2
selfrising cornmeal,2
smoked almonds,2
japanese mayonnaise,2
sub rolls,2
irish bacon,2
coconut extract,2
baby greens,2
beef round,2
bai cai,2
chuck pot,2
curing salt,2
walnut pieces,2
garlic sauce,2
boneless skin,2
on chicken,2
gravy mix,2
ragu classic,2
kraft mexican,2
suckling pig,2
onion gravy,2
food colouring,2
split and,2
dip mix,2
roasted bell,2
soft fresh,2
oil packed,2
bread and,2
medium firm,2
dark oriental,2
nosaltadded black,2
haricot beans,2
chopped hazelnuts,2
starchy potatoes,2
bean sauce,2
soaking liquid,2
lowfat cream,2
rock sugar,2
meat tenderizer,2
tandoori spices,2
turkey kielbasa,2
mahi mahi,2
canned beef,2
rack of,2
beef shin,2
rapid rise,2
tortilla shells,2
pig feet,2
chopped almonds,2
rice sticks,2
short rib,2
thawed vegetables,2
salad leaves,2
vegan margarine,2
hungarian hot,2
white vermouth,2
cooked fettuccini,2
softboiled egg,2
char siu,2
grated pecorino,2
pale ale,2
portuguese chorizo,2
assorted fresh,2
sourdough english,2
ground caraway,2
vanilla extract,2
all purpose,2
yeast extract,2
beef ribs,2
cubed pancetta,2
refrigerated biscuits,2
plain dry,2
cheese sauce,2
shrimp tails,2
italian bread,2
red snapper,2
fry mix,2
canned tuna,2
powdered turmeric,2
medjool date,2
squid rings,2
light corn,2
lingonberry jam,2
raspberry vinegar,2
instant coffee,2
refrigerated seamless,2
paso thick,2
n chunky,2
boiled eggs,2
greek feta,2
fren ravioli,2
nosaltadded diced,2
soft tofu,2
dr pepper,2
head cauliflower,2
blood orange,2
graham crackers,2
massaman curry,2
redcurrant jelly,2
fine dry,2
italian seasoned,2
bertolli olive,2
oil  garlic,2
bacon bits,2
thick  chunky,2
fresh curry,2
deli mustard,2
gourmet garden,2
yellow curry,2
runny honey,2
liquid aminos,2
pure maple,2
bonein beef,2
loosely packed,2
processed cheese,2
earth balance,2
buttery spread,2
thai green,2
masa harina,2
torn romain,2
lettuc leav,2
extra virgin,2
thin pizza,2
choy sum,2
small white,2
grape jelly,2
delallo extra,2
flat cut,2
regular soy,2
cheese mexican,2
sunflower sprouts,2
diced mushrooms,2
half and,2
textured soy,2
duck breast,2
unseasoned breadcrumbs,2
striped bass,2
paneer cheese,2
yellow summer,2
pickle juice,2
organic soy,2
tarragon sprigs,2
flavored oil,2
xanthan gum,2
thai eggplants,2
black cardamom,2
sweet plantain,2
shrimp stock,2
dried tart,2
mojo marinade,2
egg roll,2
diced pimentos,2
dried bonito,2
red radishes,2
pita rounds,2
corn syrup,2
pasta sides,2
diced bell,2
fren pizza,2
ear of,2
ginger snaps,2
margarita mix,2
fren whole,2
kernel corn,2
curly kale,2
ruby port,2
fren shelled,2
hard cheese,2
fren orange,2
blackening seasoning,2
orange blossom,1
korma paste,1
veggie burgers,1
rice chex,1
sb curry,1
biscuit baking,1
refrigerated mashed,1
roasted pistachios,1
imitation crab,1
chinese cabbage,1
tuttorosso diced,1
refrigerated fettuccine,1
palm vinegar,1
hungarian pepper,1
straw mushrooms,1
mushroom powder,1
mild molasses,1
turkey meat,1
honey dijon,1
soya chunks,1
ginger piece,1
fuji apples,1
sliced gouda,1
bibb lettuce,1
tandoori seasoning,1
cippolini onions,1
gallo family,1
vineyards hearty,1
honey baked,1
orange rind,1
caul fat,1
black gram,1
regular tofu,1
whole okra,1
lotus root,1
sushi grade,1
potato flakes,1
turkey wings,1
point cut,1
light agave,1
sweet sopressata,1
progresso chicken,1
meat stock,1
homemade fish,1
bottled clam,1
tea bags,1
picholine olives,1
veal scaloppini,1
mushroom stock,1
nondairy margarine,1
part skim,1
foster farms,1
celery heart,1
gran marnier,1
orange bitters,1
spring mix,1
instant potato,1
medium grind,1
evaporated cane,1
splenda brown,1
sugar blend,1
pappardelle pasta,1
roasted cherry,1
garnet yams,1
fresh gnocchi,1
phyllo sheets,1
skippy creamy,1
scape pesto,1
hawaiian salt,1
english sole,1
with coriander,1
and annatto,1
fren potatoes,1
baking apples,1
caesar salad,1
deli meat,1
sweet potato,1
day old,1
glutenfree baking,1
baby leaf,1
roasted salted,1
yellow corn,1
mushroom soy,1
chinese barbecue,1
red bliss,1
tortilla wraps,1
powdered buttermilk,1
pressed tofu,1
sour cherries,1
ribeye roast,1
uncooked ziti,1
paccheri pasta,1
herb sauce,1
sweet hawaiian,1
dried date,1
asafoetida powder,1
red pasta,1
hearts of,1
table cream,1
fresh poblano,1
refrigerated buttermilk,1
yellow miso,1
biryani masala,1
yellow food,1
kewra water,1
table sugar,1
crumbled bacon,1
tamarind extract,1
light swiss,1
instant chicken,1
bouillon granules,1
turkey gravy,1
double crust,1
rhine wine,1
laughing cow,1
anchovy filets,1
mexican beer,1
quickcooking grits,1
dungeness crabs,1
red leicester,1
oreida hash,1
blueeye fish,1
peter pan,1
pure wesson,1
jerk seasoning,1
vegetarian refried,1
ciabatta buns,1
roasted pepitas,1
hing powder,1
pickled beets,1
pickled eggs,1
fren green,1
baby eggplants,1
matchstick carrots,1
pumpkin pur,1
yaki dofu,1
brat buns,1
pork rub,1
knudsen  milkfat,1
shellon shrimp,1
johnsonville bratwurst,1
whole garam,1
fren mango,1
vegan bouillon,1
flax seeds,1
rib chops,1
jack daniels,1
lowfat turkey,1
vegeta seasoning,1
evaporated lowfat,1
hard shelled,1
refrigerated crescent,1
malt syrup,1
dried fettuccine,1
vanilla beans,1
paso mild,1
fish head,1
tonkatsu sauce,1
seasoning rub,1
unflavored gelatin,1
rice paper,1
beef rib,1
randall great,1
northern beans,1
fren garden,1
cavolo nero,1
hidden valley,1
original ranch,1
barbecue rub,1
to  lb,1
chicken cut,1
into serving,1
india pale,1
queso fresca,1
onion marmalade,1
soft shell,1
pasta shapes,1
brinecured black,1
radish sprouts,1
soy chorizo,1
turkey legs,1
honeycrisp apples,1
apple schnapps,1
half ham,1
ume plum,1
garlic oil,1
pam cooking,1
tahini paste,1
chinese pea,1
beef hot,1
wheat starch,1
cheese curds,1
minced chicken,1
vegetarian oyster,1
dry pasta,1
veal chops,1
fillo dough,1
oktoberfest lager,1
thai noodles,1
yellow cheddar,1
light lager,1
vegan worcestershire,1
brummel  brown,1
parrano cheese,1
dried lavender,1
animal fats,1
gya wrappers,1
string beans,1
gochujang base,1
lowfat coconut,1
pink grapefruit,1
powdered gelatin,1
baby radishes,1
steak tips,1
amber ale,1
cucumber salad,1
holy basil,1
dreamfields penne,1
light tuna,1
collard green,1
purple potatoes,1
condensed fiesta,1
nacho cheese,1
philadelphia cooking,1
pasta side,1
petite peas,1
waffle fries,1
small curd,1
sesame paste,1
espelette dukkah,1
dried fruit,1
goose liver,1
arrabbiata sauce,1
un soymilk,1
rendered duck,1
white currant,1
chinese rose,1
veal shoulder,1
calf liver,1
thinly sliced,1
glutenfree worcestershire,1
white tuna,1
in water,1
spike seasoning,1
cooked longgrain,1
buttermargarine blend,1
ragu old,1
world style,1
egg wash,1
cooking apples,1
pepperidge farm,1
lemon sole,1
chicken tenderloins,1
salted roasted,1
mayonnaise dressing,1
with extra,1
granulated white,1
minced lean,1
porridge oats,1
orange food,1
japanese noodles,1
five spice,1
brown butter,1
halloumi cheese,1
milk  cream,1
edamame beans,1
medium eggs,1
mccormick sea,1
salt grinder,1
mccormick thyme,1
unsmoked bacon,1
rich beef,1
stock pots,1
citrus fruit,1
toasted pecans,1
powdered soy,1
protein concentrate,1
hog casings,1
herbed panko,1
tandoori masala,1
bisto gravy,1
cross rib,1
jambalaya mix,1
petits pois,1
haas avocados,1
pita chips,1
cubed meat,1
truffle butter,1
veal bones,1
all beef,1
buttermilk biscuits,1
curlyleaf parsley,1
lipton onion,1
garlic minicube,1
dry milk,1
nestle carnation,1
glass noodles,1
medium salsa,1
shredded mild,1
extra  eggs,1
pink lady,1
bulgur wheat,1
pinot gris,1
boneless pot,1
lime dressing,1
rome apples,1
oldfashioned oats,1
prego fresh,1
mushroom italian,1
veal demiglace,1
toasted nori,1
standing rib,1
white rum,1
rich homemade,1
goya black,1
coconut vinegar,1
bengal gram,1
blue crabs,1
saffron flower,1
shrimp heads,1
sourdough starter,1
pizza seasoning,1
italianstyle fourcheese,1
asparagus tips,1
teriyaki glaze,1
meat loaf,1
canola mayonnaise,1
ground star,1
key lime,1
tri tip,1
bavarian swiss,1
ground peanut,1
habanero pepper,1
goat butter,1
raw peeled,1
london broil,1
blackstrap molasses,1
vegetable fats,1
pickled radish,1
vegetarian bouillon,1
allpurpose rub,1
banana leaves,1
meat balls,1
apricot fruit,1
roasted ground,1
gravy master,1
risotto rice,1
canned salmon,1
bartlett pears,1
top loin,1
mitsukan mirin,1
saltine crumbs,1
country white,1
boston butt,1
of celery,1
dried scallops,1
lasagna noodle,1
ginger pur,1
canton noodles,1
toor dal,1
rendered bacon,1
honey wine,1
chestnut honey,1
jordan almonds,1
hazelnut oil,1
aleppo pepper,1
soy vay,1
veri veri,1
herb dressing,1
fren hash,1
brown potatoes,1
liquid egg,1
ragu golden,1
veggie fettuccine,1
cane vinegar,1
yellow lentils,1
vanilla pudding,1
style shredded,1
four cheese,1
with a,1
touch of,1
carbonated water,1
carrot coleslaw,1
calves liver,1
ritz crackers,1
emerils original,1
celery powder,1
taco meat,1
chopped leaves,1
achiote powder,1
pasteurized milk,1
burrito seasoning,1
white cannellini,1
added ketchup,1
butter pickle,1
homemade turkey,1
fava beans,1
helix snails,1
squash blossoms,1
veget soup,1
sweet cherries,1
spicy bratwurst,1
kale leaves,1
crumbled cornbread,1
pillsbury thin,1
goya sazon,1
pork back,1
soft dinner,1
vegetable base,1
century eggs,1
chicken patty,1
genoa salami,1
white poppy,1
plum sauce,1
ragu chunky,1
golds horseradish,1
mandarin orange,1
heinz ketchup,1
canned corn,1
fresh fava,1
salted pistachios,1
chinese cinnamon,1
imperial sugar,1
gingersnap crumbs,1
meyer lemons,1
sliced chorizo,1
honeydew melon,1
mild soy,1
spring water,1
gelatin sheet,1
virginia baked,1
horseradish root,1
lamb rumps,1
mushroom pate,1
yuzu juice,1
soft margarine,1
truffle salt,1
ragu cheesy,1
golden mix,1
herb seasoning,1
parboiled rice,1
un almond,1
pasta shell,1
black garlic,1
vegan sour,1
mushroom broth,1
jellied cranberry,1
fren carrots,1
lamb stock,1
carnaroli rice,1
nondairy milk,1
uncooked rigatoni,1
rib roast,1
beet juice,1
manicotti shells,1
whole almonds,1
sweet bean,1
diced yellow,1
honey glazed,1
pepper strips,1
cherry juice,1
white white,1
veal for,1
baked deli,1
pickle slices,1
baked potato,1
penne rigate,1
blanched hazelnuts,1
old bread,1
flax seed,1
gingersnap cookies,1
un apple,1
tofu puffs,1
corn mix,1
liquid honey,1
prepar pesto,1
vegetable blend,1
powdered garlic,1
gorgonzola dolce,1
brazil nuts,1
leftover meat,1
cookie crumbs,1
other vegetables,1
shredded romano,1
boneless ham,1
organic tomato,1
french mustard,1
athenos traditional,1
delicata squash,1
squash seeds,1
fiesta side,1
taco rice,1
swordfish steaks,1
mexican seasoning,1
french dressing,1
snow pea,1
fresh raspberries,1
wishbone greek,1
vinaigrette dressing,1
pillsbury crescent,1
recipe creations,1
dough sheet,1
pork rib,1
cole slaw,1
house seasoning,1
added canned,1
salt water,1
cornbread mix,1
yellow rock,1
beef jerky,1
yucca root,1
tamarind juice,1
small eggs,1
bouillon powder,1
raw buckwheat,1
mccormick caraway,1
mccormick allspice,1
clear honey,1
cauliflower rice,1
sauerkraut juice,1
peeled deveined,1
grey poupon,1
beef meatballs,1
fresh turmeric,1
lemon olive,1
matzo meal,1
boneless veal,1
chicken liver,1
squid ink,1
dried navy,1
cubed mango,1
sourdough rolls,1
beef tongue,1
kraft shredded,1
long pepper,1
fresh ham,1
orange marinade,1
psyllium husks,1
cooked vegetables,1
golden mushroom,1
corn niblets,1
crescent dough,1
crystal farms,1
shredded mexican,1
white quinoa,1
vegetarian hot,1
dried lemon,1
fish fingers,1
spanish mackerel,1
smoked turkey,1
kraft mayonnaise,1
style finely,1
shredded four,1
cooked turkey,1
smooth natural,1
mushroom sauce,1
univer goulash,1
paprika paste,1
garlic olive,1
portuguese rolls,1
jasmine brown,1
pak choi,1
hefeweizen beer,1
shaved parmesan,1
sunflower seeds,1
lowfat cheese,1
tomato and,1
basilflavored feta,1
pork lard,1
organic cane,1
raw cane,1
smoked cheddar,1
veal kidneys,1
ramen soup,1
corn husks,1
corn salsa,1
pancake mix,1
in natural,1
wish bone,1
ranch dress,1
lowfat cheddar,1
brioche bread,1
mizkan oigatsuo,1
tsuyu soup,1
englishcut short,1
mccormick seafood,1
calamata olives,1
philadelphia cream,1
flatout foldit,1
artisan flatbreads,1
baby kale,1
oven fries,1
golden caster,1
mini burger,1
italian basil,1
brine cured,1
delallo gnocchi,1
bratwurst buns,1
duck liver,1
garlic herb,1
nappa cabbage,1
graham cracker,1
carne asada,1
fruit pie,1
lowfat kielbasa,1
fruit juice,1
crushed cheese,1
minute steaks,1
chipotle salsa,1
dried rose,1
ranch dip,1
comte gruyere,1
cold milk,1
beef flavored,1
mccormick parsley,1
reserved drippings,1
fish bones,1
moreton bay,1
crushed rosemary,1
orange roughy,1
tostada shells,1
asian barbecue,1
mission  tortillas,1
chipotle seasoning,1
coffee extract,1
mrs dash,1
doubleacting baking,1
boneless moulard,1
quick yeast,1
franks wings,1
table wine,1
hellmanns mayonnaise,1
dressing with,1
turkey breasts,1
dried currants,1
cream substitute,1
seltzer water,1
sea bream,1
pure olive,1
corn tortilla,1
potato slider,1
orange liqueur,1
pickled cauliflower,1
leg quarters,1
tropical fruits,1
v  vegetable,1
dri basil,1
leaves crush,1
mixed berries,1
elderflower cordial,1
vanilla bean,1
tomatoes on,1
the vine,1
herbed goat,1
fren edamame,1
natural peanut,1
old ginger,1
kabuli channa,1
onion pur,1
holland house,1
strawberry jam,1
fren cranberry,1
sour pickle,1
kirby cucumbers,1
applegate ham,1
riceselect brown,1
fren orang,1
juic concentrate,1
thaw and,1
cocoa powder,1
candied ginger,1
fresh cranberries,1
sugar substitute,1
tuna in,1
knox gelatin,1
fresh chorizo,1
ranch style,1
linguine cook,1
heirloom cherry,1
mixed nuts,1
bertolli four,1
chees rosa,1
marrow bones,1
n serrano,1
whole peel,1
tomatoes undrain,1
and chop,1
semisweet chocolate,1
sourdough toasts,1
satsuma imo,1
clams well,1
mussels well,1
red currant,1
cream sauce,1
seasoned croutons,1
chicken egg,1
pitted medjool,1
rainbow chard,1
readymade pie,1
veggie patties,1
chicken gizzards,1
perdue fresh,1
cuts thin,1
veal scallopini,1
venison stew,1
beef seasoning,1
bacon ranch,1
tikka masala,1
pineapple wedges,1
pork cheeks,1
wild salmon,1
chinkiang vinegar,1
firm silken,1
spicy rouille,1
bacon cubes,1
potato sticks,1
chicken bones,1
salmon steaks,1
garlic bread,1
condensed   cream,1
white radish,1
beef strips,1
yardlong beans,1
del monte,1
chicken stuffing,1
golden syrup,1
grassfed beef,1
hickoryflavored liquid,1
quick oats,1
italianstyle meatballs,1
banana blossom,1
raw almonds,1
mixed seafood,1
blanched slivered,1
shelled hemp,1
chunky pasta,1
fren broad,1
pepper cheese,1
pepperoni turkei,1
sliced potatoes,1
hebrew national,1
beef franks,1
steak spice,1
fren lima,1
cherry preserves,1
prepared guacamole,1
lipton recipe,1
secrets savory,1
herb with,1
garlic soup,1
glace de,1
soya bean,1
black fungus,1
white cheese,1
tbone steak,1
fiesta sides,1
baby gem,1
tortilla strips,1
toasted pumpkinseeds,1
hokkien noodles,1
dreamfields lasagna,1
potato rolls,1
butter pickles,1
caraway powder,1
pimento cheese,1
veal shanks,1
shank portion,1
seckel pears,1
greek extra,1
toasted wheat,1
white fleshed,1
irish oatmeal,1
budweiser beer,1
chicken noodle,1
chopped pecans,1
mashed cauliflower,1
pie shell,1
tomato basil,1
perdue fit,1
easy fresh,1
filet of,1
breast meat,1
with garlic,1
and basil,1
fresh brussels,1
shuck corn,1
medium whole,1
chunky tomato,1
fresh tomato,1
catalina dressing,1
lowsodium chicken,1
lotus leaves,1
seedless oranges,1
diced pickles,1
shredded asiago,1
mango nectar,1
unsulphured molasses,1
anise liqueur,1
shrimp shells,1
salted roast,1
spot prawns,1
mochi rice,1
fried rice,1
black bass,1
grated kefalotiri,1
cheese blend,1
shucked oysters,1
lowfat tartar,1
baby beetroots,1
roast nuts,1
dried orange,1
fresh lavender,1
lavender honey,1
cracker meal,1
dorot garlic,1
baby artichokes,1
mccormick poppy,1
tater tots,1
deepfried tofu,1
green grapes,1
seedless red,1
muscovado sugar,1
coating mix,1
jameson irish,1
mccormick perfect,1
pinch lemon,1
pepper seasoning,1
bottom round,1
crab boil,1
fennel pollen,1
fren garlic,1
vermicelli noodles,1
tyson boneless,1
sodium reduced,1
black cod,1
submarine rolls,1
toasted un,1
kewpie mayonnaise,1
blade pork,1
chipotle sauce,1
light  sauce,1
popcorn chicken,1
wheat rolls,1
vine tomatoes,1
pocket bread,1
bertolli vineyard,1
premium collect,1
marinara with,1
burgundi wine,1
crushed cornflakes,1
apple brandy,1
ginger syrup,1
kraft  milk,1
italian meatballs,1
dumpling skins,1
pink beans,1
cooked meat,1
cream lowfat,1
cabot chipotle,1
diced apples,1
turkey burgers,1
lean steak,1
cheesy cheddar,1
oil cured,1
crispy fried,1
roast breast,1
boneless magret,1
guinea hens,1
dark molasses,1
round steak,1
chunky tomatoes,1
salted cashews,1
green giant,1
demerara sugar,1
egglands best,1
plum jam,1
spicy dill,1
horseradish mustard,1
noilly prat,1
creamed horseradish,1
crisco canola,1
steamed brown,1
skinless haddock,1
grated carrot,1
ragu robusto,1
chex cereal,1
un cocoa,1
lobster meat,1
flatout flatbreads,1
fresh tuna,1
lamb kidneys,1
chipotle minicube,1
hoagi or,1
beef tendons,1
chee hou,1
chinese rock,1
peanut sauce,1
beef bones,1
red jalapeno,1
pork cubes,1
won ton,1
curry seasoning,1
creami french,1
veggie crumbles,1
soybean sprouts,1
